Parent Skel, Concatenation Offset, Imbedded Skel, Concatenated Offset,Line Number, Optional, No File Tailoring, Extended
BNDCMRPM,1,CMN$$SNM,1,9,,,NOEXT
BNDCMRPM,1,CMN$$RPJ,1,10,,,NOEXT
BNDCMRPM,1,SKIRMLIB,1,19,,,NOEXT
BNDCMRPM,1,BNDCMPTA,1,22,,,NOEXT
CAS$$017,1,SKM$$VAR,1,7,,,NOEXT
CAS$$017,1,SKMAPPLV,1,43,,,NOEXT
CAS$$020,1,SKM$$VAR,1,7,,,NOEXT
CAS$$020,1,CMN00INS,1,62,,,NOEXT
CAS$$020,1,SKM$$XLB,1,131,,,NOEXT
CAS$$020,1,CMN00INS,1,424,,,NOEXT
CAS$$020,1,CMN99INS,1,442,,,NOEXT
CAS$$020,1,CICPHAIN,1,479,,,NOEXT
CAS$$020,1,CICPHAI8,1,481,,,NOEXT
CAS$$050,1,SKM$$XLB,1,28,,,NOEXT
CAS$$050,1,SKM$$SLB,1,50,,,NOEXT
CHU0751,1,CHU0750,1,2,,,NOEXT
CHU0752,1,CHU0750,1,2,,,NOEXT
CHU0852,1,SKM$$JLB,1,15,,,NOEXT
CHU0852,1,SKM$$XLB,1,21,,,NOEXT
CMN$$ARE,1,SKSDBSET,1,5,,,NOEXT
CMN$$ARE,1,CMN$$SPR,1,29,,,NOEXT
CMN$$ASM,1,CMN$$SYC,1,34,,,NOEXT
CMN$$ASM,1,SKM$$XPA,1,56,,,NOEXT
CMN$$AST,1,CMN$$JCD,1,1,,,NOEXT
CMN$$AUD,1,SKM$$VAR,1,3,,,NOEXT
CMN$$AUD,1,SKSSYNCN,1,13,,,NOEXT
CMN$$AUD,1,CMN$$SPR,1,78,,,NOEXT
CMN$$AUD,1,CMN$$SPR,1,167,,,NOEXT
CMN$$AUD,1,CMN$$SPR,1,185,,,NOEXT
CMN$$AUD,1,CMN$$SPR,1,199,,,NOEXT
CMN$$AUD,1,CMN$$SPR,1,212,,,NOEXT
CMN$$AUD,1,CMN$$SPR,1,222,,,NOEXT
CMN$$AUD,1,CMN$$ENQ,1,252,,,NOEXT
CMN$$BBL,2,CMN$$CBL,1,7,,,NOEXT
CMN$$BBL,2,CMN$$PBL,1,10,,,NOEXT
CMN$$BLA,2,CMN$$JCD,1,1,,,NOEXT
CMN$$BLA,2,CMN$$SPR,1,8,,,NOEXT
CMN$$BLG,2,CMN$$JCD,1,1,,,NOEXT
CMN$$BRC,1,CMN$$JCD,1,8,,,NOEXT
CMN$$BRC,1,CMN$$SPR,1,13,,,NOEXT
CMN$$BRC,1,SCMEVTCK,1,51,,,NOEXT
CMN$$BRC,1,SCMEVTCK,1,56,,,NOEXT
CMN$$BRT,2,CMN$$JCD,1,1,,,NOEXT
CMN$$BRT,2,CMN$$SPR,1,5,,,NOEXT
CMN$$BSN,2,CMN$$SPR,1,7,,,NOEXT
CMN$$CAS,2,CMN$$ENQ,1,11,,,NOEXT
CMN$$CBL,1,CMN$$SPR,1,94,,,NOEXT
CMN$$CBL,1,CMN$$SPR,1,187,,,NOEXT
CMN$$CBL,1,CMN$$SPR,1,304,,,NOEXT
CMN$$CBL,1,CMN$$SPR,1,450,,,NOEXT
CMN$$CBL,1,CMN$$SPR,1,523,,,NOEXT
CMN$$CBL,1,CMN$$SPR,1,658,,,NOEXT
CMN$$CEE,2,CMN$$SYC,1,26,,,NOEXT
CMN$$CKO,1,CMN$$SSV,2,5,,,NOEXT
CMN$$CKO,1,CMN$$CKA,2,6,,,NOEXT
CMN$$CKO,1,CMN$$PAN,2,68,,,NOEXT
CMN$$CKO,1,CMN$$LB2,1,71,,,NOEXT
CMN$$CKO,1,CMN$$LIB,2,80,,,NOEXT
CMN$$CKO,1,CMN$$PAN,2,133,,,NOEXT
CMN$$CKO,1,CMN$$LB2,1,136,,,NOEXT
CMN$$CKO,1,CMN$$PAN,2,244,,,NOEXT
CMN$$CKO,1,CMN$$LB2,1,247,,,NOEXT
CMN$$CKO,1,CMN$$LB2,1,281,,,NOEXT
CMN$$CKO,1,CMN$$PAN,2,331,,,NOEXT
CMN$$CKO,1,CMN$$LB2,1,334,,,NOEXT
CMN$$CKO,1,CMN$$ENQ,1,388,,,NOEXT
CMN$$CKO,1,CMN00,1,398,,,NOEXT
CMN$$CKO,1,CMN99,1,413,,,NOEXT
CMN$$CKO,1,CMN$$PCP,1,415,,,NOEXT
CMN$$CO2,1,CMNAPCOB,2,40,,,NOEXT
CMN$$CO2,1,CMN$$SYC,1,69,,,NOEXT
CMN$$COB,2,CMN$$SYC,1,17,,,NOEXT
CMN$$COE,1,CMNAPCOB,2,46,,,NOEXT
CMN$$COE,1,CMN$$SYC,1,96,,,NOEXT
CMN$$D2J,1,SKM$$VAR,1,8,,,NOEXT
CMN$$D2J,1,SKMPAPPL,1,12,OPT,,NOEXT
CMN$$D2J,1,SKMP&PROJECT,-1,13,OPT,,NOEXT
CMN$$D2J,1,SKM$$VAR,1,17,,,NOEXT
CMN$$D2J,1,SKMG&SKAGROUP,-1,20,OPT,,NOEXT
CMN$$D2J,1,SKMP&PROJECT,-1,24,OPT,,NOEXT
CMN$$D2J,1,SKIPIKET,1,42,,,NOEXT
CMN$$D2J,1,SKM$$JLB,1,43,,,NOEXT
CMN$$D2J,1,CAS$$IMO,1,46,,,NOEXT
CMN$$F10,2,CMN$$FTP,2,7,,,NOEXT
CMN$$F10,2,CMN$$FTP,2,23,,,NOEXT
CMN$$F10,2,CMN$$FTP,2,44,,,NOEXT
CMN$$F10,2,CMN$$FTP,2,66,,,NOEXT
CMN$$F11,2,CMN$$FTP,2,5,,,NOEXT
CMN$$F15,2,CMN$$FTP,2,5,,,NOEXT
CMN$$F19,2,CMN$$FTP,2,5,,,NOEXT
CMN$$F25,2,CMN$$FTP,2,5,,,NOEXT
CMN$$F29,2,CMN$$FTP,2,5,,,NOEXT
CMN$$F35,2,CMN$$FTP,2,5,,,NOEXT
CMN$$F39,2,CMN$$FTP,2,5,,,NOEXT
CMN$$F54,2,CMN$$FTP,2,5,,,NOEXT
CMN$$F54,2,CMN$$FTP,2,14,,,NOEXT
CMN$$F59,2,CMN$$FTP,2,5,,,NOEXT
CMN$$F65,2,CMN$$FTP,2,5,,,NOEXT
CMN$$HKP,2,CMN$$JCD,1,1,,,NOEXT
CMN$$HKP,2,CMN$$SPR,1,47,,,NOEXT
CMN$$IGN,1,CMNJSPRM,1,11,,,NOEXT
CMN$$IGN,1,CMNJSPRM,1,75,,,NOEXT
CMN$$IGN,1,CMNPDPGN,1,121,,,NOEXT
CMN$$IGN,1,CMNPDPGN,1,125,,,NOEXT
CMN$$IGN,1,CMNMFSPG,1,133,,,NOEXT
CMN$$IMS,1,CMN$$SPR,1,29,,,NOEXT
CMN$$JCD,1,SKMAPPLV,1,22,,,NOEXT
CMN$$JCD,1,SKM$$JLB,1,87,,,NOEXT
CMN$$JNM,1,SKMAPPLV,1,9,,,NOEXT
CMN$$JNM,1,SKM$$JLB,1,32,,,NOEXT
CMN$$JNM,1,SKIPIKET,1,33,,,NOEXT
CMN$$JNM,1,CAS$$IMO,1,36,,,NOEXT
CMN$$LB2,1,CMN$$SPR,1,8,,,NOEXT
CMN$$LDT,2,CMN$$JCD,1,1,,,NOEXT
CMN$$LDT,2,CMN$$SPR,1,8,,,NOEXT
CMN$$LNK,1,CMN$$OBL,1,161,,,NOEXT
CMN$$LNK,1,CMN$$SYL,1,163,,,NOEXT
CMN$$LNK,1,CMN$$ILL,1,169,,,NOEXT
CMN$$LNK,1,CMN$$SYL,1,239,,,NOEXT
CMN$$LNK,1,CMN$$ILC,1,258,,,NOEXT
CMN$$LNK,1,CMN$$PAS,2,264,,,NOEXT
CMN$$MFS,1,CMN$$SYC,1,37,,,NOEXT
CMN$$MFS,1,CMN$$SYC,1,108,,,NOEXT
CMN$$N10,2,CMN$$NET,2,73,,,NOEXT
CMN$$N15,2,CMN$$NET,2,5,,,NOEXT
CMN$$N19,2,CMN$$NET,2,5,,,NOEXT
CMN$$N25,2,CMN$$NET,2,5,,,NOEXT
CMN$$N29,2,CMN$$NET,2,5,,,NOEXT
CMN$$N35,2,CMN$$NET,2,5,,,NOEXT
CMN$$N39,2,CMN$$NET,2,6,,,NOEXT
CMN$$N54,2,CMN$$NET,2,5,,,NOEXT
CMN$$N59,2,CMN$$NET,2,5,,,NOEXT
CMN$$N65,2,CMN$$NET,2,5,,,NOEXT
CMN$$OTH,2,CMN$$VAR,1,2,,,NOEXT
CMN$$OTH,2,CMN90,1,45,,,NOEXT
CMN$$OTH,2,CMN99,1,46,,,NOEXT
CMN$$OTH,2,CMN$$PCP,1,53,,,NOEXT
CMN$$PBL,1,CMN$$SPR,1,173,,,NOEXT
CMN$$PCP,1,SKSCCILD,1,46,,,NOEXT
CMN$$PCP,1,SKM$$XLB,1,67,,,NOEXT
CMN$$PCP,1,SCMGNMTA,1,92,,,NOEXT
CMN$$PCP,1,CMN$$SPR,1,122,,,NOEXT
CMN$$PDB,1,CMN$$SYC,1,91,,,NOEXT
CMN$$PDB,1,SKSCKDBR,1,138,,,NOEXT
CMN$$PDB,1,SKSCSBPP,1,143,,,NOEXT
CMN$$PDB,1,SKDBPGEN,1,221,,,NOEXT
CMN$$PLI,1,SKM$$IDL,1,12,,,NOEXT
CMN$$PLI,1,CMN$$SYC,1,80,,,NOEXT
CMN$$PLI,1,SKM$$XPP,1,96,,,NOEXT
CMN$$PLK,1,CMN$$OBL,1,15,,,NOEXT
CMN$$PLP,1,CMN$$SPR,1,36,,,NOEXT
CMN$$PMT,1,CMN$$ENQ,1,29,,,NOEXT
CMN$$PND,1,SKM$$VAR,1,17,,,NOEXT
CMN$$PND,1,SKM$$VAR,1,27,,,NOEXT
CMN$$PRM,2,CMN$$PSQ,2,10,,,NOEXT
CMN$$PRM,2,CMN$$PRB,2,16,,,NOEXT
CMN$$PRM,2,CMN$$PRO,2,26,,,NOEXT
CMN$$PRM,2,CMN$$PRO,2,30,,,NOEXT
CMN$$PRM,2,CMN$$PRO,2,35,,,NOEXT
CMN$$PRM,2,CMN$$CLN,1,44,,,NOEXT
CMN$$PRM,2,CMN$$DEL,1,58,,,NOEXT
CMN$$PRM,2,CMN$$DEL,1,63,,,NOEXT
CMN$$PRM,2,CMN$$DEL,1,68,,,NOEXT
CMN$$PRM,2,CMN$$PRB,2,75,,,NOEXT
CMN$$PRM,2,CMN$$PST,2,83,,,NOEXT
CMN$$PRM,2,CMN00,1,89,,,NOEXT
CMN$$PRM,2,CMN99,1,145,,,NOEXT
CMN$$PRM,2,CMN$$PCP,1,156,,,NOEXT
CMN$$PRM,2,CMNRPMDL,1,160,,,NOEXT
CMN$$PRO,2,CMN$$ENQ,1,9,,,NOEXT
CMN$$PRS,1,CMN$$JCD,1,1,,,NOEXT
CMN$$RAL,1,SKM$$XLB,1,346,,,NOEXT
CMN$$RAU,1,SKM$$JLB,1,41,,,NOEXT
CMN$$RAU,1,SKSRLSBL,1,51,,,NOEXT
CMN$$RAU,1,CMN$$SPR,1,78,,,NOEXT
CMN$$RAU,1,SKSRLSBL,1,147,,,NOEXT
CMN$$RAU,1,CMN$$RAL,1,151,,,NOEXT
CMN$$RAU,1,EROCTRLM,1,157,,,NOEXT
CMN$$RBD,2,CMN00,1,24,,,NOEXT
CMN$$RBD,2,CMN$$PCP,1,27,,,NOEXT
CMN$$RBD,2,CMN$$SPR,1,46,,,NOEXT
CMN$$RGN,2,CMN$$SPR,1,15,,,NOEXT
CMN$$RPJ,1,SKM$$JLB,1,30,,,NOEXT
CMN$$RPJ,1,SKIRMLIB,1,35,,,NOEXT
CMN$$RPL,1,SKM$$JLB,1,24,,,NOEXT
CMN$$RPM,2,CMN$$BDT,2,35,,,NOEXT
CMN$$RPM,2,CMN$$NDM,1,127,,,NOEXT
CMN$$RPM,2,CMN$$ENQ,1,144,,,NOEXT
CMN$$RPM,2,CMN$$XCD,2,205,,,NOEXT
CMN$$RPM,2,CMN$$FTP,2,235,,,NOEXT
CMN$$RPM,2,CMN$$FTP,2,258,,,NOEXT
CMN$$RPM,2,CMN$$FTP,2,280,,,NOEXT
CMN$$RPM,2,CMN$$NET,2,334,,,NOEXT
CMN$$RPM,2,CMN$$SNM,1,380,,,NOEXT
CMN$$RPM,2,CMN$$RPJ,1,381,,,NOEXT
CMN$$RPM,2,CMNRPMCR,1,416,,,NOEXT
CMN$$RPM,2,CMN$$SNM,1,421,,,NOEXT
CMN$$RPM,2,CMN$$JCD,1,422,,,NOEXT
CMN$$RPM,2,CMNRPMB0,1,423,,,NOEXT
CMN$$RPM,2,CMN$$SNM,1,428,,,NOEXT
CMN$$RPM,2,CMN$$JCD,1,429,,,NOEXT
CMN$$RPM,2,CMNRPMB9,1,430,,,NOEXT
CMN$$RPR,1,SKM$$JLB,1,24,,,NOEXT
CMN$$RPT,1,CMN$$JCD,1,1,,,NOEXT
CMN$$RPT,1,SKM$$XLB,1,11,,,NOEXT
CMN$$RPT,1,CMN$$SPR,1,13,,,NOEXT
CMN$$SJN,1,SKMAPPLV,1,13,,,NOEXT
CMN$$SJN,1,SKM$$JLB,1,31,,,NOEXT
CMN$$SJN,1,SKIPIKET,1,32,,,NOEXT
CMN$$SJN,1,CAS$$IMO,1,36,,,NOEXT
CMN$$SQP,2,CMN$$SYC,1,15,,,NOEXT
CMN$$SSV,2,CMNSRVC,1,10,,,NOEXT
CMN$$VAR,1,SKM$$VAR,1,244,,,NOEXT
CMN$$VAR,1,LE3PARMS,1,249,,,NOEXT
CMN$$VAR,1,SKSPARMS,1,252,,,NOEXT
CMN$$WRT,1,SKSCMPAR,1,94,,,NOEXT
CMN$$WRT,1,CMN$$SPR,1,104,,,NOEXT
CMN$$WRT,1,CMN$$SYC,1,124,,,NOEXT
CMN$$X10,2,CMN$$XCD,2,7,,,NOEXT
CMN$$X11,2,CMN$$XCD,2,5,,,NOEXT
CMN$$X15,2,CMN$$XCP,2,5,,,NOEXT
CMN$$X19,2,CMN$$XCP,2,5,,,NOEXT
CMN$$X25,2,CMN$$XCP,2,5,,,NOEXT
CMN$$X29,2,CMN$$XCP,2,5,,,NOEXT
CMN$$X35,2,CMN$$XCP,2,5,,,NOEXT
CMN$$X39,2,CMN$$XCP,2,5,,,NOEXT
CMN$$X54,2,CMN$$XCP,2,5,,,NOEXT
CMN$$X54,2,CMN$$XCP,2,11,,,NOEXT
CMN$$X59,2,CMN$$XCP,2,5,,,NOEXT
CMN$$X65,2,CMN$$XCP,2,5,,,NOEXT
CMN00,1,CMN$$SPR,1,20,,,NOEXT
CMN00INS,1,CMN$$SPR,1,15,,,NOEXT
CMN10,1,CMN$$JNM,1,1,,,NOEXT
CMN10,1,SKM$$VAR,1,65,,,NOEXT
CMN10,1,CMN$$BDT,2,70,,,NOEXT
CMN10,1,SKICDCPY,1,169,,,NOEXT
CMN10,1,CMN$$NDM,1,200,,,NOEXT
CMN10,1,CMN$$ENQ,1,240,,,NOEXT
CMN10,1,CMN$$ENQ,1,255,,,NOEXT
CMN10,1,CMN$$ENQ,1,297,,,NOEXT
CMN10,1,CMN$$ENQ,1,320,,,NOEXT
CMN10,1,CMN$$ENQ,1,349,,,NOEXT
CMN10,1,CMN$$X10,2,363,,,NOEXT
CMN10,1,CMN$$F10,2,366,,,NOEXT
CMN10,1,CMN$$N10,2,369,,,NOEXT
CMN10,1,CMN00INS,1,447,,,NOEXT
CMN10,1,CMN$$X11,2,462,,,NOEXT
CMN10,1,CMN$$F11,2,465,,,NOEXT
CMN10,1,CMN$$N11,1,468,,,NOEXT
CMN10,1,CMN99INS,1,470,,,NOEXT
CMN10,1,SKI10EQ,1,472,,,NOEXT
CMN10,1,SKM$$VAR,1,474,,,NOEXT
CMN11,1,CMN$$SJN,1,1,,,NOEXT
CMN11,1,CMNJSPRD,1,47,,,NOEXT
CMN11,1,SKM$$IDL,1,50,,,NOEXT
CMN11,1,SKMIDLIR,1,51,,,NOEXT
CMN11,1,CMNJSPRD,1,63,,,NOEXT
CMN11,1,SKM$$IDL,1,66,,,NOEXT
CMN11,1,SKMIDLGW,1,67,,,NOEXT
CMN11,1,CMNJSPRD,1,134,,,NOEXT
CMN11,1,CMNJSPRD,1,219,,,NOEXT
CMN11,1,CMNINIGN,1,247,,,NOEXT
CMN11,1,CMNINIGN,1,250,,,NOEXT
CMN11,1,CMNINIGN,1,253,,,NOEXT
CMN11,1,CMNJSPRD,1,295,,,NOEXT
CMN11,1,SKIINACK,1,302,,,NOEXT
CMN11,1,CMNINACB,1,305,,,NOEXT
CMN11,1,CMN00INS,1,326,,,NOEXT
CMN11,1,CMN99INS,1,350,,,NOEXT
CMN11,1,SKI11EQ,1,397,,,NOEXT
CMN14,1,CMN$$SJN,1,1,,,NOEXT
CMN14,1,CMN$$PND,1,8,,,NOEXT
CMN14,1,CMN$$X15,2,22,,,NOEXT
CMN14,1,CMN$$F15,2,25,,,NOEXT
CMN14,1,CMN$$N15,2,28,,,NOEXT
CMN14,1,SKCDMEMO,1,30,,,NOEXT
CMN14,1,CMN99INS,1,31,,,NOEXT
CMN14,1,CMN$$PCP,1,33,,,NOEXT
CMN15,1,CMN$$JNM,1,1,,,NOEXT
CMN15,1,CMN00INS,1,35,,,NOEXT
CMN15,1,CMN99INS,1,38,,,NOEXT
CMN17,1,CMN$$SJN,1,1,,,NOEXT
CMN17,1,CAS$$017,1,48,,,NOEXT
CMN17,1,CMN$$CAS,2,52,,,NOEXT
CMN17,1,CMN$$ESP,2,55,,,NOEXT
CMN17,1,CMN$$JBT,2,58,,,NOEXT
CMN17,1,CMN$$CTM,2,61,,,NOEXT
CMN17,1,CMN99INS,1,63,,,NOEXT
CMN17,1,CMN$$PCP,1,65,,,NOEXT
CMN18,1,CMN$$SJN,1,1,,,NOEXT
CMN18,1,CMN$$BDT,2,7,,,NOEXT
CMN18,1,CMN$$PND,1,10,,,NOEXT
CMN18,1,CMN$$X19,2,24,,,NOEXT
CMN18,1,CMN$$F19,2,27,,,NOEXT
CMN18,1,CMN$$N19,2,30,,,NOEXT
CMN19,2,CMN$$JNM,1,1,,,NOEXT
CMN19,2,CMN00INS,1,7,,,NOEXT
CMN19,2,CMN99INS,1,9,,,NOEXT
CMN20,2,CMN$$SJN,1,1,,,NOEXT
CMN20,2,CMN00INS,1,13,,,NOEXT
CMN20,2,CMN$$ENQ,1,51,,,NOEXT
CMN20,2,CMN$$ENQ,1,85,,,NOEXT
CMN20,2,CMN$$ENQ,1,115,,,NOEXT
CMN20,2,CMN$$SQL,2,137,,,NOEXT
CMN20,2,CMN$$STP,2,141,,,NOEXT
CMN20,2,CMN00INS,1,145,,,NOEXT
CMN20,2,CMN99INS,1,162,,,NOEXT
CMN20,2,CMN$$PCP,1,180,,,NOEXT
CMN20I,1,CMN$$SJN,1,1,,,NOEXT
CMN20I,1,CAS$$020,1,5,,,NOEXT
CMN20I,1,CMN00INS,1,22,,,NOEXT
CMN20I,1,CMNJSPRD,1,60,,,NOEXT
CMN20I,1,CMN$$ENQ,1,77,,,NOEXT
CMN20I,1,CMNPRDIM,2,116,,,NOEXT
CMN20I,1,CMNJSPRD,1,132,,,NOEXT
CMN20I,1,CMN$$ENQ,1,146,,,NOEXT
CMN20I,1,CMNJSPRD,1,214,,,NOEXT
CMN20I,1,CMNJSBAS,1,218,,,NOEXT
CMN20I,1,CMNINIGN,1,221,,,NOEXT
CMN20I,1,CMNINIGN,1,224,,,NOEXT
CMN20I,1,CMNINIGN,1,227,,,NOEXT
CMN20I,1,CMNJSPRD,1,276,,,NOEXT
CMN20I,1,CMNIDPEX,1,278,,,NOEXT
CMN20I,1,CMNIDPOV,2,279,,,NOEXT
CMN20I,1,CMNJSPRD,1,293,,,NOEXT
CMN20I,1,CMN$$ENQ,1,299,,,NOEXT
CMN20I,1,CMNJSPRD,1,335,,,NOEXT
CMN20I,1,CMN$$ENQ,1,344,,,NOEXT
CMN20I,1,CMNJSPRD,1,362,,,NOEXT
CMN20I,1,CMN$$ENQ,1,371,,,NOEXT
CMN20I,1,CMNPRDIM,2,407,,,NOEXT
CMN20I,1,CMNJSPRD,1,410,,,NOEXT
CMN20I,1,CMNIMSPD,2,412,,,NOEXT
CMN20I,1,SKIINACK,1,447,,,NOEXT
CMN20I,1,CMNJSPRD,1,454,,,NOEXT
CMN20I,1,CMNINACB,1,456,,,NOEXT
CMN20I,1,CICPHAIN,1,516,,,NOEXT
CMN20I,1,SKM$$XLB,1,573,,,NOEXT
CMN20I,1,CMN$$SQL,2,591,,,NOEXT
CMN20I,1,CMN$$STP,2,595,,,NOEXT
CMN20I,1,CMN00INS,1,600,,,NOEXT
CMN20I,1,CMN99INS,1,616,,,NOEXT
CMN20I,1,CMN$$PCP,1,645,,,NOEXT
CMN20I,1,CMN$$PND,1,648,,,NOEXT
CMN20I,1,CMN$$SNM,1,661,,,NOEXT
CMN20T,2,CMN$$SJN,1,1,,,NOEXT
CMN20T,2,CMN00INS,1,7,,,NOEXT
CMN20T,2,CMNINLPM,2,18,,,NOEXT
CMN20T,2,CMN$$ENQ,1,29,,,NOEXT
CMN20T,2,CMN$$CA7,2,89,,,NOEXT
CMN20T,2,CMN00INS,1,94,,,NOEXT
CMN20T,2,CMN99INS,1,110,,,NOEXT
CMN20T,2,CMN$$PCP,1,128,,,NOEXT
CMN20TI,2,CMN$$SJN,1,1,,,NOEXT
CMN20TI,2,CMN00INS,1,10,,,NOEXT
CMN20TI,2,CMNJSPRD,1,23,,,NOEXT
CMN20TI,2,CMNINLPM,2,25,,,NOEXT
CMN20TI,2,CMNPRDIM,2,35,,,NOEXT
CMN20TI,2,CMNJSPRD,1,45,,,NOEXT
CMN20TI,2,CMN$$ENQ,1,59,,,NOEXT
CMN20TI,2,CMNJSPRD,1,100,,,NOEXT
CMN20TI,2,CMNINIGN,1,102,,,NOEXT
CMN20TI,2,CMNINIGN,1,105,,,NOEXT
CMN20TI,2,CMNINIGN,1,108,,,NOEXT
CMN20TI,2,CMNJSPRD,1,129,,,NOEXT
CMN20TI,2,CMNIDPEX,1,131,,,NOEXT
CMN20TI,2,CMNIDPOV,2,132,,,NOEXT
CMN20TI,2,CMNJSPRD,1,145,,,NOEXT
CMN20TI,2,CMNJSPRD,1,164,,,NOEXT
CMN20TI,2,CMNPRDIM,2,186,,,NOEXT
CMN20TI,2,CMNJSPRD,1,189,,,NOEXT
CMN20TI,2,CMNIMSTP,2,191,,,NOEXT
CMN20TI,2,CMNJSPRD,1,206,,,NOEXT
CMN20TI,2,CMNINACB,1,208,,,NOEXT
CMN20TI,2,CMN$$CA7,2,216,,,NOEXT
CMN20TI,2,CMN00INS,1,221,,,NOEXT
CMN20TI,2,CMN99INS,1,237,,,NOEXT
CMN20TI,2,CMN$$PCP,1,255,,,NOEXT
CMN21,1,SKM$$VAR,1,3,,,NOEXT
CMN21,1,CMN00INS,1,475,,,NOEXT
CMN21,1,CMN99INS,1,481,,,NOEXT
CMN21,1,CMN$$PCP,1,483,,,NOEXT
CMN21,1,SKM$$XLB,1,494,,,NOEXT
CMN21,1,SKM$$XLB,1,528,,,NOEXT
CMN21,1,SKI21BND,1,535,,,NOEXT
CMN21,1,SKM$$XLB,1,543,,,NOEXT
CMN21,1,CMN99,1,547,,,NOEXT
CMN21,1,CMN$$PCP,1,549,,,NOEXT
CMN24,1,CMN$$SJN,1,1,,,NOEXT
CMN24,1,CMN$$PND,1,8,,,NOEXT
CMN24,1,CMN$$X25,2,22,,,NOEXT
CMN24,1,CMN$$F25,2,25,,,NOEXT
CMN24,1,CMN$$N25,2,28,,,NOEXT
CMN24,1,SKCDMEMO,1,30,,,NOEXT
CMN24,1,CMN99INS,1,31,,,NOEXT
CMN24,1,CMN$$PCP,1,33,,,NOEXT
CMN25,2,CMN$$JNM,1,1,,,NOEXT
CMN25,2,CMN00INS,1,6,,,NOEXT
CMN25,2,CMN99INS,1,9,,,NOEXT
CMN25,2,CMNINRPM,1,14,,,NOEXT
CMN28,1,CMN$$SJN,1,1,,,NOEXT
CMN28,1,CMN$$PND,1,7,,,NOEXT
CMN28,1,CMN$$X29,2,21,,,NOEXT
CMN28,1,CMN$$F29,2,24,,,NOEXT
CMN28,1,CMN$$N29,2,27,,,NOEXT
CMN29,2,CMN$$JNM,1,1,,,NOEXT
CMN29,2,CMN00INS,1,6,,,NOEXT
CMN29,2,CMN99INS,1,8,,,NOEXT
CMN30,1,CMN$$JNM,1,1,,,NOEXT
CMN30,1,CMNINLPM,2,9,,,NOEXT
CMN30,1,CMN$$CA7,2,13,,,NOEXT
CMN30,1,CMN$$PLP,1,46,,,NOEXT
CMN30,1,CMN$$PLP,1,81,,,NOEXT
CMN30,1,CMN$$PLP,1,112,,,NOEXT
CMN30,1,CMN30CPY,1,215,,,NOEXT
CMN30,1,CMN30REN,2,221,,,NOEXT
CMN30,1,CMN30REN,2,229,,,NOEXT
CMN30,1,CMN30DEL,1,235,,,NOEXT
CMN30,1,CMN30CPY,1,245,,,NOEXT
CMN30,1,CMN30REN,2,251,,,NOEXT
CMN30,1,CMN30REN,2,285,,,NOEXT
CMN30,1,CMN$$PLP,1,310,,,NOEXT
CMN30,1,CMN$$PLP,1,351,,,NOEXT
CMN30,1,CMN$$ENQ,1,379,,,NOEXT
CMN30,1,CMN$$PLP,1,450,,,NOEXT
CMN30,1,CMN$$PLP,1,487,,,NOEXT
CMN30,1,CMN$$PLP,1,514,,,NOEXT
CMN30,1,CMN$$ENQ,1,537,,,NOEXT
CMN30,1,CMN30REN,2,561,,,NOEXT
CMN30,1,CMN30DEL,1,568,,,NOEXT
CMN30,1,CMN$$PLP,1,616,,,NOEXT
CMN30,1,CMN$$SPR,1,641,,,NOEXT
CMN30,1,CMN$$SLN,2,651,,,NOEXT
CMN30,1,CMN$$SPR,1,655,,,NOEXT
CMN30,1,CMN00INS,1,671,,,NOEXT
CMN30,1,CMN99INS,1,674,,,NOEXT
CMN30CDT,1,CMN30CPI,1,84,,,NOEXT
CMN30CDT,1,CMN30REN,2,90,,,NOEXT
CMN30CDT,1,CMN30REN,2,124,,,NOEXT
CMN30CDT,1,CMN$$ENQ,1,163,,,NOEXT
CMN30CDT,1,CMN30REN,2,184,,,NOEXT
CMN30CDT,1,CMN30DEL,1,190,,,NOEXT
CMN30CPI,1,CMN$$ENQ,1,18,,,NOEXT
CMN30CPY,1,CMN$$ENQ,1,10,,,NOEXT
CMN30I,1,CMN$$JNM,1,2,,,NOEXT
CMN30I,1,CMNINLPM,2,24,,,NOEXT
CMN30I,1,CMN$$CA7,2,30,,,NOEXT
CMN30I,1,CMN30PAN,2,73,,,NOEXT
CMN30I,1,CMN30LIB,2,83,,,NOEXT
CMN30I,1,CMN30CDT,1,93,,,NOEXT
CMN30I,1,CMN30SRD,1,103,,,NOEXT
CMN30I,1,CMN30PDS,1,113,,,NOEXT
CMN30I,1,CMNJSPRD,1,128,,,NOEXT
CMN30I,1,CMNINIGN,1,133,,,NOEXT
CMN30I,1,CMNINIGN,1,136,,,NOEXT
CMN30I,1,CMNINIGN,1,139,,,NOEXT
CMN30I,1,CMNIDPEX,1,163,,,NOEXT
CMN30I,1,CMNIDPOV,2,164,,,NOEXT
CMN30I,1,CMNPRDIM,2,188,,,NOEXT
CMN30I,1,CMNIMSBL,1,193,,,NOEXT
CMN30I,1,CMN$$SPR,1,222,,,NOEXT
CMN30I,1,SKIINACK,1,237,,,NOEXT
CMN30I,1,CMNINACB,1,245,,,NOEXT
CMN30I,1,CMN$$SLN,2,254,,,NOEXT
CMN30I,1,CMN$$SPR,1,258,,,NOEXT
CMN30I,1,CMN00INS,1,274,,,NOEXT
CMN30I,1,CMN99INS,1,277,,,NOEXT
CMN30I,1,SKISCMTG,1,293,,,NOEXT
CMN30I,1,SKS$BSCI,1,298,,,NOEXT
CMN30I,1,SKS$EOPT,1,307,,,NOEXT
CMN30I,1,SKM$$VAR,1,314,,,NOEXT
CMN30I,1,SKM$$VAR,1,330,,,NOEXT
CMN30LIB,2,CMN$$PLP,1,71,,,NOEXT
CMN30LIB,2,CMN$$PLP,1,112,,,NOEXT
CMN30LIB,2,CMN$$PLP,1,205,,,NOEXT
CMN30LIB,2,CMN$$PLP,1,268,,,NOEXT
CMN30PAN,2,CMN$$PLP,1,31,,,NOEXT
CMN30PAN,2,CMN$$PLP,1,66,,,NOEXT
CMN30PAN,2,CMN$$PLP,1,98,,,NOEXT
CMN30PAN,2,CMN$$PLP,1,136,,,NOEXT
CMN30PAN,2,CMN$$PLP,1,163,,,NOEXT
CMN30PDS,1,CMN30CPI,1,82,,,NOEXT
CMN30PDS,1,CMN30REN,2,88,,,NOEXT
CMN30PDS,1,CMNPRDIM,2,110,,,NOEXT
CMN30PDS,1,CMN$$ENQ,1,130,,,NOEXT
CMN30PDS,1,CMN30REN,2,160,,,NOEXT
CMN30PDS,1,CMN30DEL,1,166,,,NOEXT
CMN30SRD,1,CMN30REN,2,44,,,NOEXT
CMN30SRD,1,CMN30DEL,1,50,,,NOEXT
CMN30SRD,1,CMNPRDIM,2,73,,,NOEXT
CMN30SRD,1,CMN$$ENQ,1,99,,,NOEXT
CMN30SRD,1,CMN30REN,2,119,,,NOEXT
CMN30SRD,1,CMN30DEL,1,125,,,NOEXT
CMN31T,2,CMN$$SJN,1,1,,,NOEXT
CMN31T,2,CMN00INS,1,48,,,NOEXT
CMN31T,2,CMN99INS,1,74,,,NOEXT
CMN31TI,2,CMN$$SJN,1,1,,,NOEXT
CMN31TI,2,CMN00INS,1,44,,,NOEXT
CMN31TI,2,CMN99INS,1,70,,,NOEXT
CMN32,1,SKM$$VAR,1,4,,,NOEXT
CMN32,1,SKM$$VAR,1,10,,,NOEXT
CMN32,1,CMN00INS,1,281,,,NOEXT
CMN32,1,CMN99INS,1,289,,,NOEXT
CMN32,1,CMN$$PCP,1,291,,,NOEXT
CMN32,1,SKM$$XLB,1,316,,,NOEXT
CMN32,1,SKID2MMO,1,339,,,NOEXT
CMN32,1,SKI32BND,1,344,,,NOEXT
CMN34T,2,CMN$$SJN,1,1,,,NOEXT
CMN34T,2,CMN$$PND,1,8,,,NOEXT
CMN34T,2,CMN$$X35,2,17,,,NOEXT
CMN34T,2,CMN$$F35,2,20,,,NOEXT
CMN34T,2,CMN$$N35,2,23,,,NOEXT
CMN34T,2,CMN99INS,1,25,,,NOEXT
CMN34T,2,CMN$$PCP,1,27,,,NOEXT
CMN35T,2,CMN$$JNM,1,1,,,NOEXT
CMN35T,2,CMN00INS,1,6,,,NOEXT
CMN35T,2,CMN99INS,1,8,,,NOEXT
CMN37,1,CMN$$JNM,1,1,,,NOEXT
CMN37,1,CMN00INS,1,10,,,NOEXT
CMN37,1,CMN$$SPR,1,23,,,NOEXT
CMN37,1,CMN$$SLN,2,30,,,NOEXT
CMN37,1,CMN$$SPR,1,36,,,NOEXT
CMN38T,2,CMN$$SJN,1,1,,,NOEXT
CMN38T,2,CMN$$PND,1,7,,,NOEXT
CMN38T,2,CMN$$X39,2,16,,,NOEXT
CMN38T,2,CMN$$F39,2,19,,,NOEXT
CMN38T,2,CMN$$N39,2,22,,,NOEXT
CMN39T,2,CMN$$JNM,1,1,,,NOEXT
CMN39T,2,CMN00INS,1,7,,,NOEXT
CMN39T,2,CMN99INS,1,9,,,NOEXT
CMN49,1,CMN00INS,1,346,,,NOEXT
CMN49,1,CMN$$PCP,1,350,,,NOEXT
CMN50,1,CMN$$SJN,1,1,,,NOEXT
CMN50,1,CAS$$050,1,11,,,NOEXT
CMN50,1,SKS$$050,1,14,,,NOEXT
CMN50I,1,CMN$$SJN,1,1,,,NOEXT
CMN50I,1,SKM$$XLB,1,19,,,NOEXT
CMN50I,1,CAS$$050,1,33,,,NOEXT
CMN50I,1,CMN$$ENQ,1,106,,,NOEXT
CMN50I,1,CMN$$ENQ,1,165,,,NOEXT
CMN50I,1,CMN$$ENQ,1,204,,,NOEXT
CMN50I,1,CMN$$SQL,2,267,,,NOEXT
CMN50I,1,CMN$$STP,2,271,,,NOEXT
CMN50I,1,CICPHAIN,1,292,,,NOEXT
CMN50I,1,SKM$$XLB,1,348,,,NOEXT
CMN50I,1,SKS$EOPT,1,369,,,NOEXT
CMN50I,1,CMN00INS,1,379,,,NOEXT
CMN50I,1,CMN99INS,1,398,,,NOEXT
CMN50I,1,CMN$$PCP,1,416,,,NOEXT
CMN50T,2,CMN$$SJN,1,1,,,NOEXT
CMN50T,2,CMN00INS,1,48,,,NOEXT
CMN50T,2,CMN99INS,1,75,,,NOEXT
CMN50T,2,CMN$$PCP,1,93,,,NOEXT
CMN50TI,2,CMN$$SJN,1,1,,,NOEXT
CMN50TI,2,CMN00INS,1,44,,,NOEXT
CMN50TI,2,CMN99INS,1,71,,,NOEXT
CMN50TI,2,CMN$$PCP,1,89,,,NOEXT
CMN51,1,CMN$$SJN,1,1,,,NOEXT
CMN51,1,CMN$$BDT,2,9,,,NOEXT
CMN51,1,CMN$$PND,1,16,,,NOEXT
CMN51,1,CMN$$X54,2,32,,,NOEXT
CMN51,1,CMN$$F54,2,35,,,NOEXT
CMN51,1,CMN$$N54,2,38,,,NOEXT
CMN51,1,CMN99INS,1,40,,,NOEXT
CMN51,1,CMN$$PCP,1,42,,,NOEXT
CMN54,2,CMN$$JNM,1,1,,,NOEXT
CMN54,2,CMN00INS,1,6,,,NOEXT
CMN54,2,CMN99INS,1,19,,,NOEXT
CMN55,2,CMN$$JNM,1,1,,,NOEXT
CMN55,2,CMN00INS,1,7,,,NOEXT
CMN55,2,CMN$$PLP,1,41,,,NOEXT
CMN55,2,CMN$$PLP,1,69,,,NOEXT
CMN55,2,CMN$$PLP,1,98,,,NOEXT
CMN55,2,CMN$$ENQ,1,212,,,NOEXT
CMN55,2,CMN55REN,2,227,,,NOEXT
CMN55,2,CMN$$PLP,1,248,,,NOEXT
CMN55,2,CMN$$PLP,1,277,,,NOEXT
CMN55,2,CMN55CPY,1,318,,,NOEXT
CMN55,2,CMN55REN,2,326,,,NOEXT
CMN55,2,CMN55CPY,1,333,,,NOEXT
CMN55,2,CMN55CPY,1,346,,,NOEXT
CMN55,2,CMN55REN,2,353,,,NOEXT
CMN55,2,CMN$$ENQ,1,362,,,NOEXT
CMN55,2,CMN55REN,2,391,,,NOEXT
CMN55,2,CMN$$PLP,1,410,,,NOEXT
CMN55,2,CMN$$PLP,1,433,,,NOEXT
CMN55,2,CMN$$PLP,1,467,,,NOEXT
CMN55,2,CMN$$SPR,1,492,,,NOEXT
CMN55,2,CMN$$SLN,2,502,,,NOEXT
CMN55,2,CMN$$SPR,1,506,,,NOEXT
CMN55,2,CMN00INS,1,518,,,NOEXT
CMN55,2,CMN99INS,1,520,,,NOEXT
CMN55CDT,2,CMN55CPI,1,62,,,NOEXT
CMN55CDT,2,CMN55REN,2,69,,,NOEXT
CMN55CDT,2,CMN$$ENQ,1,86,,,NOEXT
CMN55CDT,2,CMN55REN,2,115,,,NOEXT
CMN55CPI,1,CMN$$ENQ,1,17,,,NOEXT
CMN55CPY,1,CMN$$ENQ,1,9,,,NOEXT
CMN55I,1,CMN$$JNM,1,1,,,NOEXT
CMN55I,1,CMN00INS,1,7,,,NOEXT
CMN55I,1,CMN55PAN,2,33,,,NOEXT
CMN55I,1,CMN55LIB,2,39,,,NOEXT
CMN55I,1,CMN55CDT,2,45,,,NOEXT
CMN55I,1,CMN55SRD,2,51,,,NOEXT
CMN55I,1,CMN55PDS,2,57,,,NOEXT
CMN55I,1,CMN$$SPR,1,70,,,NOEXT
CMN55I,1,CMN$$SLN,2,80,,,NOEXT
CMN55I,1,CMN$$SPR,1,86,,,NOEXT
CMN55I,1,CMN00INS,1,96,,,NOEXT
CMN55I,1,CMN99INS,1,98,,,NOEXT
CMN55I,1,CICPHAIN,1,115,,,NOEXT
CMN55LIB,2,CMN$$PLP,1,65,,,NOEXT
CMN55LIB,2,CMN$$PLP,1,88,,,NOEXT
CMN55LIB,2,CMN$$PLP,1,122,,,NOEXT
CMN55LIB,2,CMN$$PLP,1,169,,,NOEXT
CMN55LIB,2,CMN$$PLP,1,198,,,NOEXT
CMN55PAN,2,CMN$$PLP,1,33,,,NOEXT
CMN55PAN,2,CMN$$PLP,1,61,,,NOEXT
CMN55PAN,2,CMN$$PLP,1,90,,,NOEXT
CMN55PDS,2,CMN55REN,2,47,,,NOEXT
CMN55PDS,2,CMN55CPI,1,83,,,NOEXT
CMN55PDS,2,CMN55REN,2,91,,,NOEXT
CMN55PDS,2,CMN55CPI,1,98,,,NOEXT
CMN55SRD,2,CMN$$ENQ,1,52,,,NOEXT
CMN55T,2,CMN$$JNM,1,1,,,NOEXT
CMN55T,2,CMN00INS,1,9,,,NOEXT
CMN55T,2,CMN99INS,1,11,,,NOEXT
CMN55TI,2,CMN$$JNM,1,1,,,NOEXT
CMN55TI,2,CMN00,1,9,,,NOEXT
CMN55TI,2,CMN99,1,11,,,NOEXT
CMN55TI,2,CMN$$PCP,1,13,,,NOEXT
CMN56,1,CMN$$ENQ,1,132,,,NOEXT
CMN56,1,CMN00INS,1,375,,,NOEXT
CMN56,1,CMN99INS,1,383,,,NOEXT
CMN56,1,CMN$$PCP,1,385,,,NOEXT
CMN57,1,CMN$$JNM,1,1,,,NOEXT
CMN57,1,CMN00INS,1,10,,,NOEXT
CMN57,1,CMN$$SPR,1,21,,,NOEXT
CMN57,1,CMN$$SLN,2,28,,,NOEXT
CMN57,1,CMN$$SPR,1,36,,,NOEXT
CMN58,1,CMN$$SJN,1,1,,,NOEXT
CMN58,1,CMN$$PND,1,7,,,NOEXT
CMN58,1,CMN$$X59,2,23,,,NOEXT
CMN58,1,CMN$$F59,2,26,,,NOEXT
CMN58,1,CMN$$N59,2,29,,,NOEXT
CMN59,2,CMN$$JNM,1,1,,,NOEXT
CMN59,2,CMN00INS,1,6,,,NOEXT
CMN59,2,CMN99INS,1,8,,,NOEXT
CMN64,1,CMN$$SJN,1,1,,,NOEXT
CMN64,1,SKM$$VAR,1,8,,,NOEXT
CMN64,1,SKM$$XLB,1,93,,,NOEXT
CMN64,1,CMN$$PND,1,125,,,NOEXT
CMN64,1,CMN$$X65,2,139,,,NOEXT
CMN64,1,CMN$$F65,2,142,,,NOEXT
CMN64,1,CMN$$N65,2,145,,,NOEXT
CMN64,1,CMN00INS,1,152,,,NOEXT
CMN64,1,CMN99INS,1,167,,,NOEXT
CMN64,1,CMN$$PCP,1,169,,,NOEXT
CMN65,1,CMN$$JNM,1,1,,,NOEXT
CMN65,1,CMN00INS,1,16,,,NOEXT
CMN65,1,CMN99INS,1,18,,,NOEXT
CMN90,1,CMN00,1,26,,,NOEXT
CMN90,1,CMN$$TRK,2,97,,,NOEXT
CMN99INS,1,SKIMSEMO,1,16,,,NOEXT
CMNAPCOM,2,CMNAPGEN,-1,73,,,NOEXT
CMNAPCOM,2,CMNAPCMP,-1,76,,,NOEXT
CMNAPCOM,2,CMNAPLI5,-1,81,OPT,,NOEXT
CMNASM,1,CMN$$VAR,1,5,,,NOEXT
CMNASM,1,CMN$$WRT,1,7,,,NOEXT
CMNASM,1,CMN$$PDB,1,9,,,NOEXT
CMNASM,1,CMN$$CIC,1,12,,,NOEXT
CMNASM,1,CMN$$ASM,1,14,,,NOEXT
CMNASM,1,CMN90,1,18,,,NOEXT
CMNASM,1,CMN99,1,19,,,NOEXT
CMNASM,1,CMN$$SSI,1,25,,,NOEXT
CMNASM,1,CMN$$LNK,1,26,,,NOEXT
CMNASM,1,CMN$$LNK,1,33,,,NOEXT
CMNASM,1,CMN$$DBC,1,37,,,NOEXT
CMNASM,1,CMN90,1,39,,,NOEXT
CMNASM,1,CMN99,1,40,,,NOEXT
CMNASM,1,CMN$$RMS,2,46,,,NOEXT
CMNASM,1,CMN$$PCP,1,48,,,NOEXT
CMNASM,1,SKM$$VAR,1,50,,,NOEXT
CMNCEE,2,CMN$$VAR,1,5,,,NOEXT
CMNCEE,2,CMN$$WRT,1,10,,,NOEXT
CMNCEE,2,CMN$$PDB,1,13,,,NOEXT
CMNCEE,2,CMN$$CIC,1,17,,,NOEXT
CMNCEE,2,CMN$$CEE,2,20,,,NOEXT
CMNCEE,2,CMN$$OBJ,1,27,,,NOEXT
CMNCEE,2,CMN90,1,32,,,NOEXT
CMNCEE,2,CMN99,1,33,,,NOEXT
CMNCEE,2,CMN$$SSI,1,43,,,NOEXT
CMNCEE,2,CMN$$PLK,1,44,,,NOEXT
CMNCEE,2,CMN$$LNK,1,45,,,NOEXT
CMNCEE,2,CMN$$DBC,1,48,,,NOEXT
CMNCEE,2,CMN90,1,53,,,NOEXT
CMNCEE,2,CMN99,1,54,,,NOEXT
CMNCEE,2,CMN$$RMS,2,61,,,NOEXT
CMNCEE,2,CMN$$PCP,1,66,,,NOEXT
CMNCEE,2,CMN$$TRK,2,69,,,NOEXT
CMNCOB2,1,CMN$$VAR,1,8,,,NOEXT
CMNCOB2,1,SKSJOBNO,1,9,,,NOEXT
CMNCOB2,1,CMN$$WRT,1,12,,,NOEXT
CMNCOB2,1,CMNAPCOM,2,15,,,NOEXT
CMNCOB2,1,CMN$$PDB,1,18,,,NOEXT
CMNCOB2,1,CMN$$CIC,1,21,,,NOEXT
CMNCOB2,1,CMN$$CO2,1,23,,,NOEXT
CMNCOB2,1,CMN$$OBJ,1,27,,,NOEXT
CMNCOB2,1,CMN90,1,29,,,NOEXT
CMNCOB2,1,CMN99,1,30,,,NOEXT
CMNCOB2,1,CMN$$SSI,1,37,,,NOEXT
CMNCOB2,1,SKSBINDR,1,40,,,NOEXT
CMNCOB2,1,SKSBINDR,1,48,,,NOEXT
CMNCOB2,1,CMN$$DBC,1,53,,,NOEXT
CMNCOB2,1,SKSITEST,1,58,,,NOEXT
CMNCOB2,1,CMN90,1,61,,,NOEXT
CMNCOB2,1,CMN99,1,62,,,NOEXT
CMNCOB2,1,CMN$$RMS,2,69,,,NOEXT
CMNCOB2,1,CMN$$PCP,1,71,,,NOEXT
CMNCOB2,1,CMN$$TRK,2,73,,,NOEXT
CMNCOB2,1,SKM$$VAR,1,78,,,NOEXT
CMNCOBOL,2,CMN$$VAR,1,5,,,NOEXT
CMNCOBOL,2,CMNTLNGN,2,8,,,NOEXT
CMNCOBOL,2,CMNTLNRS,2,9,,,NOEXT
CMNCOBOL,2,CMN$$WRT,1,12,,,NOEXT
CMNCOBOL,2,CMN$$PDB,1,15,,,NOEXT
CMNCOBOL,2,CMN$$CIC,1,18,,,NOEXT
CMNCOBOL,2,CMN$$COB,2,20,,,NOEXT
CMNCOBOL,2,CMN$$OBJ,1,24,,,NOEXT
CMNCOBOL,2,CMN90,1,26,,,NOEXT
CMNCOBOL,2,CMN99,1,27,,,NOEXT
CMNCOBOL,2,CMN$$SSI,1,34,,,NOEXT
CMNCOBOL,2,CMN$$LNK,1,35,,,NOEXT
CMNCOBOL,2,CMN$$DBC,1,37,,,NOEXT
CMNCOBOL,2,CMN90,1,39,,,NOEXT
CMNCOBOL,2,CMN99,1,40,,,NOEXT
CMNCOBOL,2,CMN$$RMS,2,46,,,NOEXT
CMNCOBOL,2,CMN$$PCP,1,48,,,NOEXT
CMNCOBOL,2,CMN$$TRK,2,50,,,NOEXT
CMNDB2DR,2,CMN$$JCD,1,1,,,NOEXT
CMNDBDGN,2,CMN$$VAR,1,5,,,NOEXT
CMNDBDGN,2,CMN$$WRT,1,7,,,NOEXT
CMNDBDGN,2,CMN$$PDB,1,9,,,NOEXT
CMNDBDGN,2,CMN$$CIC,1,12,,,NOEXT
CMNDBDGN,2,CMN$$ASM,1,14,,,NOEXT
CMNDBDGN,2,CMN$$OBJ,1,18,,,NOEXT
CMNDBDGN,2,CMN90,1,20,,,NOEXT
CMNDBDGN,2,CMN99,1,21,,,NOEXT
CMNDBDGN,2,CMN$$SSI,1,28,,,NOEXT
CMNDBDGN,2,CMN$$LNK,1,29,,,NOEXT
CMNDBDGN,2,CMN$$IMS,1,32,,,NOEXT
CMNDBDGN,2,CMN$$DBC,1,36,,,NOEXT
CMNDBDGN,2,CMN90,1,38,,,NOEXT
CMNDBDGN,2,CMN99,1,39,,,NOEXT
CMNDBDGN,2,CMN$$RMS,2,45,,,NOEXT
CMNDBDGN,2,CMN$$PCP,1,47,,,NOEXT
CMNDBDGN,2,CMN$$TRK,2,49,,,NOEXT
CMNEPLI,1,CMN$$VAR,1,16,,,NOEXT
CMNEPLI,1,SKSJOBNO,1,28,,,NOEXT
CMNEPLI,1,SKSDUPCK,1,30,,,NOEXT
CMNEPLI,1,CMN$$WRT,1,36,,,NOEXT
CMNEPLI,1,SKSPLAUS,1,41,,,NOEXT
CMNEPLI,1,SKPQCHK1,1,46,,,NOEXT
CMNEPLI,1,PLIETABX,1,51,,,NOEXT
CMNEPLI,1,EPC$$PLI,1,56,,,NOEXT
CMNEPLI,1,SKSCCSTP,1,61,,,NOEXT
CMNEPLI,1,SKSCCOBJ,1,66,,,NOEXT
CMNEPLI,1,SKSLEOPT,1,77,,,NOEXT
CMNEPLI,1,STROBEPP,1,83,,,NOEXT
CMNEPLI,1,CMN90,1,91,,,NOEXT
CMNEPLI,1,CMN99,1,92,,,NOEXT
CMNEPLI,1,CMN$$SSI,1,107,,,NOEXT
CMNEPLI,1,EPCBINDR,1,118,,,NOEXT
CMNEPLI,1,EPCBINDR,1,127,,,NOEXT
CMNEPLI,1,EPCBINDR,1,136,,,NOEXT
CMNEPLI,1,EPCBINDR,1,145,,,NOEXT
CMNEPLI,1,EPCBINDR,1,154,,,NOEXT
CMNEPLI,1,EPCBINDR,1,168,,,NOEXT
CMNEPLI,1,DB2$$B92,1,180,,,NOEXT
CMNEPLI,1,SKDBPGN2,1,181,,,NOEXT
CMNEPLI,1,SKSPPCPY,1,187,,,NOEXT
CMNEPLI,1,SKSXMCPY,1,188,,,NOEXT
CMNEPLI,1,CMN90,1,190,,,NOEXT
CMNEPLI,1,CMN99,1,191,,,NOEXT
CMNEPLI,1,CMN$$RMS,2,197,,,NOEXT
CMNEPLI,1,SKPQCHK2,1,199,,,NOEXT
CMNEPLI,1,CMN$$PCP,1,200,,,NOEXT
CMNGRANT,2,CMN90,1,17,,,NOEXT
CMNGRANT,2,CMN99,1,18,,,NOEXT
CMNGRANT,2,CMN$$PCP,1,22,,,NOEXT
CMNIDPEX,1,CMN$$SPR,1,19,,,NOEXT
CMNIMCPY,2,CMN$$ENQ,1,28,,,NOEXT
CMNIMCPY,2,CMNIMSPR,2,67,,,NOEXT
CMNIMCPY,2,CMNIMSPR,2,75,,,NOEXT
CMNIMCPY,2,CMNIMSPR,2,83,,,NOEXT
CMNIMPRM,1,CMN$$PSQ,2,47,,,NOEXT
CMNIMPRM,1,SKMAPPLV,1,52,,,NOEXT
CMNIMPRM,1,SKRPSCR,1,73,,,NOEXT
CMNIMPRM,1,SKM$$IDL,1,158,,,NOEXT
CMNIMPRM,1,CMNJSPRM,1,182,,,NOEXT
CMNIMPRM,1,SKPD2BND,1,186,,,NOEXT
CMNIMPRM,1,CMNPRMIM,1,211,,,NOEXT
CMNIMPRM,1,SKM$$VAR,1,214,,,NOEXT
CMNIMPRM,1,CMNJSPRM,1,219,,,NOEXT
CMNIMPRM,1,CMNIMPRO,1,223,,,NOEXT
CMNIMPRM,1,CMNJSPRM,1,231,,,NOEXT
CMNIMPRM,1,CMNJSPRM,1,243,,,NOEXT
CMNIMPRM,1,CMNIMPRO,1,247,,,NOEXT
CMNIMPRM,1,CMN$$IGN,1,267,,,NOEXT
CMNIMPRM,1,CMN$$IGN,1,271,,,NOEXT
CMNIMPRM,1,CMN$$IGN,1,275,,,NOEXT
CMNIMPRM,1,CMN$$IGN,1,314,,,NOEXT
CMNIMPRM,1,CMNJSPRM,1,340,,,NOEXT
CMNIMPRM,1,CMNPDPEX,1,342,,,NOEXT
CMNIMPRM,1,CMNPDPOV,2,343,,,NOEXT
CMNIMPRM,1,CMNPRMIM,1,359,,,NOEXT
CMNIMPRM,1,CMNJSPRM,1,363,,,NOEXT
CMNIMPRM,1,CICPHAIN,1,377,,,NOEXT
CMNIMPRM,1,SKPITEST,1,383,,,NOEXT
CMNIMPRM,1,CMNJSPRM,1,395,,,NOEXT
CMNIMPRM,1,CMN$$ACB,1,397,,,NOEXT
CMNIMPRM,1,CMN$$CLN,1,409,,,NOEXT
CMNIMPRM,1,CMN$$DEL,1,422,,,NOEXT
CMNIMPRM,1,CMN$$DEL,1,427,,,NOEXT
CMNIMPRM,1,CMN$$DEL,1,432,,,NOEXT
CMNIMPRM,1,CICPHAIN,1,444,,,NOEXT
CMNIMPRM,1,SKM$$IDL,1,464,,,NOEXT
CMNIMPRM,1,SKMIDLIR,1,465,,,NOEXT
CMNIMPRM,1,SKM$$IDL,1,469,,,NOEXT
CMNIMPRM,1,SKMIDLGW,1,470,,,NOEXT
CMNIMPRM,1,CMN$$PST,2,476,,,NOEXT
CMNIMPRM,1,CMN00,1,483,,,NOEXT
CMNIMPRM,1,CMN99,1,545,,,NOEXT
CMNIMPRM,1,SKM$$VAR,1,563,,,NOEXT
CMNIMPRM,1,CMN$$PCP,1,566,,,NOEXT
CMNIMPRM,1,CMNRPMDL,1,570,,,NOEXT
CMNIMPRM,1,SKMQMSSS,1,577,,,NOEXT
CMNIMPRM,1,SKMIDRZ8,1,589,,,NOEXT
CMNIMRPM,1,CMN$$SNM,1,26,,,NOEXT
CMNIMRPM,1,CMN$$JCD,1,28,,,NOEXT
CMNIMRPM,1,SKIRMLIB,1,64,,,NOEXT
CMNIMRPM,1,CMN$$PMT,1,77,,,NOEXT
CMNIMRPM,1,SKM$$VAR,1,169,,,NOEXT
CMNIMRPM,1,SKRPSCR,1,177,,,NOEXT
CMNIMRPM,1,SKM$$VAR,1,188,,,NOEXT
CMNIMRPM,1,SKECDCPY,1,199,,,NOEXT
CMNIMRPM,1,CMN$$NDM,1,214,,,NOEXT
CMNIMRPM,1,CMN$$ENQ,1,237,,,NOEXT
CMNIMRPM,1,BNDCMRPM,1,299,,,NOEXT
CMNIMRPM,1,CMN$$SNM,1,303,,,NOEXT
CMNIMRPM,1,CMN$$RPJ,1,304,,,NOEXT
CMNIMRPM,1,SKED2BND,1,310,,,NOEXT
CMNIMRPM,1,CMN$$SNM,1,316,,,NOEXT
CMNIMRPM,1,CMN$$RPJ,1,317,,,NOEXT
CMNIMRPM,1,CMNRPICR,1,326,,,NOEXT
CMNIMRPM,1,CMN$$SNM,1,331,,,NOEXT
CMNIMRPM,1,CMN$$RPJ,1,332,,,NOEXT
CMNIMRPM,1,CMNRPMT0,1,333,,,NOEXT
CMNIMRPM,1,CMN$$SNM,1,338,,,NOEXT
CMNIMRPM,1,CMN$$RPJ,1,339,,,NOEXT
CMNIMRPM,1,CMNRPMDR,1,340,,,NOEXT
CMNIMRPM,1,CMN$$SNM,1,349,,,NOEXT
CMNIMRPM,1,CMN$$JCD,1,350,,,NOEXT
CMNIMRPM,1,SKIRMLIB,1,351,,,NOEXT
CMNIMRPM,1,CMNRPICL,1,352,,,NOEXT
CMNIMRPM,1,CMN$$SNM,1,357,,,NOEXT
CMNIMRPM,1,CMN$$JCD,1,358,,,NOEXT
CMNIMRPM,1,SKIRMLIB,1,359,,,NOEXT
CMNIMRPM,1,CMNRPMDL,1,360,,,NOEXT
CMNIMRPM,1,CMN$$SNM,1,365,,,NOEXT
CMNIMRPM,1,CMN$$JCD,1,366,,,NOEXT
CMNIMRPM,1,SKIRMLIB,1,367,,,NOEXT
CMNIMRPM,1,CMNRPMB0,1,368,,,NOEXT
CMNIMRPM,1,CMN$$SNM,1,373,,,NOEXT
CMNIMRPM,1,CMN$$RPJ,1,374,,,NOEXT
CMNIMRPM,1,CMNRPMT9,1,375,,,NOEXT
CMNIMRPM,1,CMN$$SNM,1,380,,,NOEXT
CMNIMRPM,1,CMN$$JCD,1,381,,,NOEXT
CMNIMRPM,1,SKIRMLIB,1,382,,,NOEXT
CMNIMRPM,1,CMNRPMB9,1,383,,,NOEXT
CMNIMRPM,1,CMN$$SNM,1,389,,,NOEXT
CMNIMRPM,1,CMN$$RPJ,1,390,,,NOEXT
CMNIMRPM,1,CMNRPMMT,1,391,,,NOEXT
CMNIMRPM,1,CMN$$SNM,1,396,,,NOEXT
CMNIMRPM,1,CMN$$JCD,1,397,,,NOEXT
CMNIMRPM,1,SKIRMLIB,1,398,,,NOEXT
CMNIMRPM,1,CMNRPMMJ,1,399,,,NOEXT
CMNIMRPM,1,SKM$$VAR,1,405,,,NOEXT
CMNIMSBL,1,CMN$$ENQ,1,30,,,NOEXT
CMNIMSIM,2,CMN$$ENQ,1,21,,,NOEXT
CMNIMSPD,2,CMN$$ENQ,1,29,,,NOEXT
CMNIMSPD,2,CMN$$ENQ,1,93,,,NOEXT
CMNIMSPR,2,CMN$$ENQ,1,24,,,NOEXT
CMNIMSTP,2,CMN$$ENQ,1,29,,,NOEXT
CMNIMSTP,2,CMN$$ENQ,1,93,,,NOEXT
CMNINIGN,1,CMNJSPRD,1,89,,,NOEXT
CMNINIGN,1,CMNJSBAS,1,93,,,NOEXT
CMNINIGN,1,SKIINPCK,1,98,,,NOEXT
CMNINIGN,1,CMNIDPGN,1,102,,,NOEXT
CMNINIGN,1,CMNIDPGN,1,106,,,NOEXT
CMNINIGN,1,CMNMFSIG,1,150,,,NOEXT
CMNINLPM,2,CMN$$SPR,1,12,,,NOEXT
CMNINRPM,1,CMN$$SPR,1,11,,,NOEXT
CMNJSBAS,1,CMN$$SPR,1,17,,,NOEXT
CMNJSBAS,1,SKMAPPLV,1,54,,,NOEXT
CMNJSBAS,1,SKM$$JLB,1,61,,,NOEXT
CMNJSBAS,1,SKIPIKET,1,62,,,NOEXT
CMNJSPRD,1,SKIMSEMO,1,17,,,NOEXT
CMNJSPRD,1,CMN$$SPR,1,25,,,NOEXT
CMNJSPRD,1,SKM$$JLB,1,75,,,NOEXT
CMNJSPRD,1,SKIPIKET,1,76,,,NOEXT
CMNJSPRM,1,CMN99,1,7,,,NOEXT
CMNJSPRM,1,CMN$$PCP,1,14,,,NOEXT
CMNJSPRM,1,CMN$$JCD,1,22,,,NOEXT
CMNJSPRM,1,SKM$$JLB,1,25,,,NOEXT
CMNJSRPM,1,SKM$$JLB,1,53,,,NOEXT
CMNMAPGN,2,CMN$$VAR,1,10,,,NOEXT
CMNMAPGN,2,CMN$$WRT,1,12,,,NOEXT
CMNMAPGN,2,CMN$$MPG,2,13,,,NOEXT
CMNMAPGN,2,CMN$$MPL,2,14,,,NOEXT
CMNMAPGN,2,CMN$$MPD,2,15,,,NOEXT
CMNMAPGN,2,CMN90,1,96,,,NOEXT
CMNMAPGN,2,CMN99,1,97,,,NOEXT
CMNMAPGN,2,CMN$$PCP,1,102,,,NOEXT
CMNMAPGN,2,CMN$$TRK,2,105,,,NOEXT
CMNMFSGN,1,CMN$$VAR,1,15,,,NOEXT
CMNMFSGN,1,CMN$$WRT,1,21,,,NOEXT
CMNMFSGN,1,CMNAPMFS,-1,24,,,NOEXT
CMNMFSGN,1,CMN$$MFS,1,28,,,NOEXT
CMNMFSGN,1,CMN90,1,111,,,NOEXT
CMNMFSGN,1,CMN99,1,112,,,NOEXT
CMNMFSGN,1,CMN$$PCP,1,117,,,NOEXT
CMNMFSGN,1,CMN$$TRK,2,119,,,NOEXT
CMNPDPEX,1,CMN$$SPR,1,10,,,NOEXT
CMNPLI,2,CMN$$VAR,1,5,,,NOEXT
CMNPLI,2,CMN$$WRT,1,7,,,NOEXT
CMNPLI,2,CMN$$PDB,1,9,,,NOEXT
CMNPLI,2,CMN$$CIC,1,12,,,NOEXT
CMNPLI,2,CMN$$PLI,1,14,,,NOEXT
CMNPLI,2,CMN$$OBJ,1,18,,,NOEXT
CMNPLI,2,CMN90,1,20,,,NOEXT
CMNPLI,2,CMN99,1,21,,,NOEXT
CMNPLI,2,CMN$$SSI,1,28,,,NOEXT
CMNPLI,2,CMN$$LNK,1,29,,,NOEXT
CMNPLI,2,CMN$$DBC,1,31,,,NOEXT
CMNPLI,2,CMN90,1,33,,,NOEXT
CMNPLI,2,CMN99,1,34,,,NOEXT
CMNPLI,2,CMN$$RMS,2,40,,,NOEXT
CMNPLI,2,CMN$$PCP,1,42,,,NOEXT
CMNPLI,2,CMN$$TRK,2,44,,,NOEXT
CMNPLICM,1,CMN$$VAR,1,13,,,NOEXT
CMNPLICM,1,SKMVAVAR,1,20,,,NOEXT
CMNPLICM,1,SKSJOBNO,1,21,,,NOEXT
CMNPLICM,1,CMN$$WRT,1,22,,,NOEXT
CMNPLICM,1,SKSLEOPT,1,23,,,NOEXT
CMNPLICM,1,LE3PLIPP,1,25,,,NOEXT
CMNPLICM,1,CMN$$PDB,1,27,,,NOEXT
CMNPLICM,1,SKPQCHK1,1,29,,,NOEXT
CMNPLICM,1,CMN$$PLI,1,33,,,NOEXT
CMNPLICM,1,CMN$$SSI,1,35,,,NOEXT
CMNPLICM,1,SKM$$VAR,1,40,,,NOEXT
CMNPLICM,1,CMN$$SYL,1,143,,,NOEXT
CMNPLICM,1,CMN$$ILL,1,144,,,NOEXT
CMNPLICM,1,CMN$$SYL,1,176,,,NOEXT
CMNPLICM,1,CMN$$ILC,1,192,,,NOEXT
CMNPLICM,1,CMN$$DBC,1,209,,,NOEXT
CMNPLICM,1,CMN90,1,211,,,NOEXT
CMNPLICM,1,CMN99,1,212,,,NOEXT
CMNPLICM,1,CMN$$PCP,1,213,,,NOEXT
CMNPLIEP,1,CMN$$VAR,1,13,,,NOEXT
CMNPLIEP,1,SKSJOBNO,1,14,,,NOEXT
CMNPLIEP,1,CMN$$WRT,1,18,,,NOEXT
CMNPLIEP,1,SKSPLAUS,1,23,,,NOEXT
CMNPLIEP,1,EPC$$PLI,1,28,,,NOEXT
CMNPLIEP,1,STROBEPP,1,33,,,NOEXT
CMNPLIEP,1,CMN90,1,37,,,NOEXT
CMNPLIEP,1,CMN99,1,38,,,NOEXT
CMNPLIEP,1,CMN$$SSI,1,49,,,NOEXT
CMNPLIEP,1,EPCBINDR,1,52,,,NOEXT
CMNPLIEP,1,SKSPPCPY,1,58,,,NOEXT
CMNPLIEP,1,SKSXMCPY,1,60,,,NOEXT
CMNPLIEP,1,DB2$$B92,1,63,,,NOEXT
CMNPLIEP,1,SKDBPGN2,1,64,,,NOEXT
CMNPLIEP,1,EPCLSTPR,1,74,,,NOEXT
CMNPLIEP,1,COMPMVS1,1,78,,,NOEXT
CMNPLIEP,1,DB1$$B92,1,81,,,NOEXT
CMNPLIEP,1,DB1$$B92,1,84,,,NOEXT
CMNPLIEP,1,CMN90,1,88,,,NOEXT
CMNPLIEP,1,CMN99,1,89,,,NOEXT
CMNPLIEP,1,CMN$$RMS,2,95,,,NOEXT
CMNPLIEP,1,CMN$$PCP,1,98,,,NOEXT
CMNPLIEP,1,EPCLSTCS,1,101,,,NOEXT
CMNPLILE,1,CMN$$VAR,1,10,,,NOEXT
CMNPLILE,1,SKSJOBNO,1,11,,,NOEXT
CMNPLILE,1,CMN$$WRT,1,13,,,NOEXT
CMNPLILE,1,SKSLEOPT,1,18,,,NOEXT
CMNPLILE,1,SKSLEOPT,1,22,,,NOEXT
CMNPLILE,1,LE3PLIPP,1,27,,,NOEXT
CMNPLILE,1,SKPQCHK1,1,28,,,NOEXT
CMNPLILE,1,CMN$$PDB,1,32,,,NOEXT
CMNPLILE,1,CMN$$CIC,1,35,,,NOEXT
CMNPLILE,1,SKS$$IMS,1,38,,,NOEXT
CMNPLILE,1,LE3$$DEC,1,41,,,NOEXT
CMNPLILE,1,LE3$$PLI,1,43,,,NOEXT
CMNPLILE,1,EPP$$PLI,1,44,,,NOEXT
CMNPLILE,1,CMN$$OBJ,1,48,,,NOEXT
CMNPLILE,1,CMN90,1,50,,,NOEXT
CMNPLILE,1,CMN99,1,51,,,NOEXT
CMNPLILE,1,CMN$$SSI,1,59,,,NOEXT
CMNPLILE,1,SKSBINDR,1,63,,,NOEXT
CMNPLILE,1,CMN$$DBC,1,66,,,NOEXT
CMNPLILE,1,SKDBPGN2,1,67,,,NOEXT
CMNPLILE,1,SKSITEST,1,71,,,NOEXT
CMNPLILE,1,LE3$$CGN,1,76,,,NOEXT
CMNPLILE,1,SKSPPCPY,1,79,,,NOEXT
CMNPLILE,1,SKSXMCPY,1,80,,,NOEXT
CMNPLILE,1,CMN90,1,81,,,NOEXT
CMNPLILE,1,CMN99,1,82,,,NOEXT
CMNPLILE,1,CMN$$RMS,2,88,,,NOEXT
CMNPLILE,1,SKPQCHK2,1,91,,,NOEXT
CMNPLILE,1,CMN$$PCP,1,93,,,NOEXT
CMNPSBGN,1,CMN$$VAR,1,6,,,NOEXT
CMNPSBGN,1,CMN$$WRT,1,10,,,NOEXT
CMNPSBGN,1,CMN$$IMS,1,12,,,NOEXT
CMNPSBGN,1,SKS$$PSB,1,14,,,NOEXT
CMNPSBGN,1,CMN$$OBJ,1,18,,,NOEXT
CMNPSBGN,1,CMN90,1,20,,,NOEXT
CMNPSBGN,1,CMN99,1,21,,,NOEXT
CMNPSBGN,1,CMN$$SSI,1,28,,,NOEXT
CMNPSBGN,1,SKSSPLNK,1,29,,,NOEXT
CMNPSBGN,1,SKSSACB,1,30,,,NOEXT
CMNPSBGN,1,CMN90,1,31,,,NOEXT
CMNPSBGN,1,CMN99,1,32,,,NOEXT
CMNPSBGN,1,CMN$$RMS,2,38,,,NOEXT
CMNPSBGN,1,CMN$$PCP,1,40,,,NOEXT
CMNPSBGN,1,CMN$$TRK,2,42,,,NOEXT
CMNRDD01,1,CMN$$SPR,1,8,,,NOEXT
CMNRDD01,1,SKM$$SLB,1,22,,,NOEXT
CMNRDD01,1,CMN$$SPR,1,24,,,NOEXT
CMNRDD01,1,SKM$$XLB,1,29,,,NOEXT
CMNRDD01,1,SKM$$ISP,1,44,,,NOEXT
CMNRDD02,1,SKM$$JLB,1,9,,,NOEXT
CMNRDD03,1,SKM$$JLB,1,16,,,NOEXT
CMNRDD03,1,SKM$$XLB,1,19,,,NOEXT
CMNRDPEX,1,CMN$$SPR,1,10,,,NOEXT
CMNRPICL,1,CMN$$ENQ,1,55,,,NOEXT
CMNRPICR,1,SKMAPPLV,1,9,,,NOEXT
CMNRPICR,1,CMNRPMIM,1,54,,,NOEXT
CMNRPICR,1,CMNJSRPM,1,71,,,NOEXT
CMNRPICR,1,CMNRPIRC,1,75,,,NOEXT
CMNRPICR,1,CMNJSRPM,1,84,,,NOEXT
CMNRPICR,1,CMNRPIRC,1,88,,,NOEXT
CMNRPICR,1,CMNJSRPM,1,96,,,NOEXT
CMNRPICR,1,CMNRPIRC,1,100,,,NOEXT
CMNRPICR,1,SKM$$VAR,1,107,,,NOEXT
CMNRPICR,1,CMNRPIGN,1,120,,,NOEXT
CMNRPICR,1,CMNRPIGN,1,124,,,NOEXT
CMNRPICR,1,CMNRPIGN,1,128,,,NOEXT
CMNRPICR,1,CMNJSRPM,1,147,,,NOEXT
CMNRPICR,1,CMNRDPEX,1,150,,,NOEXT
CMNRPICR,1,CMNRDPOV,2,151,,,NOEXT
CMNRPICR,1,CICPHAIN,1,183,,,NOEXT
CMNRPICR,1,SKPITEST,1,188,,,NOEXT
CMNRPICR,1,CMNJSRPM,1,199,,,NOEXT
CMNRPICR,1,CMNRPACB,1,201,,,NOEXT
CMNRPICR,1,CMNJSRPM,1,241,,,NOEXT
CMNRPICR,1,CMNRPIPC,1,245,,,NOEXT
CMNRPICR,1,CMNJSRPM,1,261,,,NOEXT
CMNRPICR,1,CMNRPIPC,1,265,,,NOEXT
CMNRPICR,1,CMNJSRPM,1,273,,,NOEXT
CMNRPICR,1,CMNRPIPC,1,277,,,NOEXT
CMNRPICR,1,CMNJSRPM,1,307,,,NOEXT
CMNRPICR,1,CMNRPIPC,1,311,,,NOEXT
CMNRPICR,1,CMNJSRPM,1,319,,,NOEXT
CMNRPICR,1,CMNRPIPC,1,323,,,NOEXT
CMNRPICR,1,CMNJSRPM,1,331,,,NOEXT
CMNRPICR,1,CMNRPIPC,1,335,,,NOEXT
CMNRPICR,1,CICPHAIN,1,344,,,NOEXT
CMNRPICR,1,CICPHAIN,1,423,,,NOEXT
CMNRPICR,1,SKMQMSSS,1,449,,,NOEXT
CMNRPIGN,1,CMNJSRPM,1,10,,,NOEXT
CMNRPIGN,1,CMNJSRPM,1,55,,,NOEXT
CMNRPIGN,1,CMNRDPGN,1,77,,,NOEXT
CMNRPIGN,1,CMNRDPGN,1,84,,,NOEXT
CMNRPIGN,1,CMNMFSRG,1,105,,,NOEXT
CMNRPIPS,2,CMN$$ENQ,1,28,,,NOEXT
CMNRPIPS,2,CMNRPISC,2,67,,,NOEXT
CMNRPIPS,2,CMNRPISC,2,75,,,NOEXT
CMNRPIPS,2,CMNRPISC,2,83,,,NOEXT
CMNRPIRC,1,CMN$$ENQ,1,18,,,NOEXT
CMNRPM00,1,CMN$$SPR,1,7,,,NOEXT
CMNRPM10,1,CMN$$BDT,2,15,,,NOEXT
CMNRPM10,1,SKM$$VAR,1,31,,,NOEXT
CMNRPM10,1,SKICDCLN,1,34,,,NOEXT
CMNRPM10,1,CMN$$NDM,1,70,,,NOEXT
CMNRPM10,1,CMN$$ENQ,1,87,,,NOEXT
CMNRPM10,1,CMN$$XCD,2,117,,,NOEXT
CMNRPM10,1,CMN$$FTP,2,135,,,NOEXT
CMNRPM10,1,CMN$$FTP,2,152,,,NOEXT
CMNRPM10,1,CMN$$NET,2,181,,,NOEXT
CMNRPM11,1,CMN$$BDT,2,26,,,NOEXT
CMNRPM11,1,CMN$$PND,1,29,,,NOEXT
CMNRPM11,1,CMN$$XCP,2,38,,,NOEXT
CMNRPM11,1,CMN$$FTP,2,44,,,NOEXT
CMNRPM19,1,CMN$$BDT,2,26,,,NOEXT
CMNRPM19,1,CMN$$PND,1,29,,,NOEXT
CMNRPM19,1,CMN$$XCP,2,38,,,NOEXT
CMNRPM19,1,CMN$$FTP,2,44,,,NOEXT
CMNRPM2I,1,CMNRPM11,1,79,,,NOEXT
CMNRPM2I,1,CMNRPM19,1,81,,,NOEXT
CMNRPM3I,1,CMNRPM00,1,34,,,NOEXT
CMNRPM3I,1,CMNRPM99,1,36,,,NOEXT
CMNRPM99,1,CMN$$SPR,1,7,,,NOEXT
CMNRPMB0,1,CMN$$SPR,1,12,,,NOEXT
CMNRPMB9,1,CMN$$SPR,1,10,,,NOEXT
CMNRPMB9,1,CMNRPMDL,1,26,,,NOEXT
CMNRPMCL,1,CMN$$ENQ,1,46,,,NOEXT
CMNRPMCR,1,CMNRPIGN,1,50,,,NOEXT
CMNRPMCR,1,CMNRPIGN,1,54,,,NOEXT
CMNRPMCR,1,CMNRPIGN,1,57,,,NOEXT
CMNRPMCR,1,CMN$$ENQ,1,82,,,NOEXT
CMNRPMCR,1,CMN$$ENQ,1,125,,,NOEXT
CMNRPMCR,1,CMN$$ENQ,1,168,,,NOEXT
CMNRPMCR,1,CMNRPACB,1,202,,,NOEXT
CMNRPMCR,1,CMN$$PSQ,2,353,,,NOEXT
CMNRPMCR,1,CMN$$PST,2,357,,,NOEXT
CMNRPMCR,1,CICPHAIN,1,406,,,NOEXT
CMNRPMCR,1,CMN$$PCP,1,409,,,NOEXT
CMNRPMMT,1,CMN$$PND,1,8,,,NOEXT
CMNRPMT0,1,CMN$$BDT,2,29,,,NOEXT
CMNRPMT0,1,CMN$$PND,1,33,,,NOEXT
CMNRPMT0,1,CMN$$XCP,2,48,,,NOEXT
CMNRPMT0,1,CMN$$FTP,2,55,,,NOEXT
CMNRPMT9,1,CMN$$BDT,2,29,,,NOEXT
CMNRPMT9,1,CMN$$PND,1,33,,,NOEXT
CMNRPMT9,1,CMN$$XCP,2,48,,,NOEXT
CMNRPMT9,1,CMN$$FTP,2,55,,,NOEXT
CMNRXS,1,CMN$$VAR,1,5,,,NOEXT
CMNRXS,1,SCMGNMTR,1,44,,,NOEXT
CMNRXS,1,CMN$$SYC,1,56,,,NOEXT
CMNRXS,1,CMN$$ENQ,1,100,,,NOEXT
CMNRXS,1,CMN90,1,107,,,NOEXT
CMNRXS,1,CMN99,1,108,,,NOEXT
CMNRXS,1,CMN$$RMS,2,114,,,NOEXT
CMNRXS,1,CMN$$PCP,1,116,,,NOEXT
CMNRXS,1,SKM$$VAR,1,119,,,NOEXT
CMNSASC,2,CMN$$VAR,1,7,,,NOEXT
CMNSASC,2,CMN$$SYC,1,25,,,NOEXT
CMNSASC,2,CMN$$SSI,1,31,,,NOEXT
CMNSASC,2,CMN$$LNK,1,32,,,NOEXT
CMNSASC,2,CMN90,1,33,,,NOEXT
CMNSASC,2,CMN99,1,34,,,NOEXT
CMNSASC,2,CMN$$PCP,1,39,,,NOEXT
CMNSASC,2,CMN$$TRK,2,41,,,NOEXT
CMNSQL,2,CMN$$VAR,1,6,,,NOEXT
CMNSQL,2,CMN$$WRT,1,8,,,NOEXT
CMNSQL,2,CMN$$SQP,2,10,,,NOEXT
CMNSQL,2,CMN$$PDB,1,12,,,NOEXT
CMNSQL,2,CMN$$CEE,2,14,,,NOEXT
CMNSQL,2,CMN$$SSI,1,16,,,NOEXT
CMNSQL,2,CMN$$PLK,1,18,,,NOEXT
CMNSQL,2,CMN$$LNK,1,20,,,NOEXT
CMNSQL,2,CMN$$DBC,1,22,,,NOEXT
CMNSQL,2,CMN90,1,23,,,NOEXT
CMNSQL,2,CMN99,1,24,,,NOEXT
CMNSQL,2,CMN$$RMS,2,29,,,NOEXT
CMNSQL,2,CMN$$PCP,1,31,,,NOEXT
CMNSQL,2,CMN$$TRK,2,34,,,NOEXT
CMNSRVC,1,CMNRDD01,1,12,,,NOEXT
CMNSRVC,1,CMN$$SPR,1,18,,,NOEXT
CMNTLNGN,2,CMNTLNPI,2,76,,,NOEXT
CMNTLNRS,2,CMN$$SYC,1,32,,,NOEXT
CMNXMLB,2,CMN$$SPR,1,7,,,NOEXT
CMNZ002A,1,CMN$$JCD,1,5,,,NOEXT
CMNZ002A,1,CMN$$VAR,1,6,,,NOEXT
CMNZ010A,2,CMN$$JCD,1,1,,,NOEXT
CMNZ010P,2,CMN$$JCD,1,1,,,NOEXT
CMNZ030P,2,CMN$$JCD,1,1,,,NOEXT
CMNZ070P,2,CMN$$JCD,1,1,,,NOEXT
CMNZ100P,2,CMN$$JCD,1,1,,,NOEXT
CMNZ110P,2,CMN$$JCD,1,1,,,NOEXT
CMNZ120P,2,CMN$$JCD,1,1,,,NOEXT
CMNZ130P,2,CMN$$JCD,1,1,,,NOEXT
CMNZ140P,2,CMN$$JCD,1,1,,,NOEXT
CMNZ160P,2,CMN$$JCD,1,1,,,NOEXT
CMNZ170P,2,CMN$$JCD,1,1,,,NOEXT
COMPMVS1,1,CMN$$WRT,1,14,,,NOEXT
COMPMVS1,1,LE3PLIPP,1,18,,,NOEXT
COMPMVS1,1,CMN$$SYC,1,41,,,NOEXT
COMPMVS1,1,DB1$$B90,1,57,,,NOEXT
COMPMVS1,1,CMN$$CIC,1,64,,,NOEXT
COMPMVS1,1,SKS$$IMS,1,68,,,NOEXT
COMPMVS1,1,LE3$$DEC,1,71,,,NOEXT
COMPMVS1,1,LE3$$PLI,1,73,,,NOEXT
COMPMVS1,1,CMN$$SSI,1,75,,,NOEXT
COMPMVS1,1,SKSBINDR,1,80,,,NOEXT
COMPMVS1,1,EPP$$PLI,1,86,,,NOEXT
COMPMVS1,1,SKSPPCPY,1,87,,,NOEXT
COMPMVS1,1,SKSXMCPY,1,88,,,NOEXT
COMPMVS1,1,CMN$$SYC,1,145,,,NOEXT
COMPMVS1,1,CMN$$SYC,1,176,,,NOEXT
COMPMVS1,1,DB1$$B90,1,185,,,NOEXT
COMPMVS1,1,CMN$$SYC,1,234,,,NOEXT
COMPMVS1,1,CMN$$SYC,1,337,,,NOEXT
COMPMVS1,1,SKM$$VAR,1,405,,,NOEXT
COMPMVS1,1,CMN$$SYL,1,445,,,NOEXT
COMPMVS1,1,CMN$$ILL,1,446,,,NOEXT
COMPMVS1,1,CMN$$SYL,1,477,,,NOEXT
COMPMVS1,1,CMN$$ILC,1,493,,,NOEXT
DB2$$B92,1,CMN$$ENQ,1,19,,,NOEXT
EPC$$CGN,1,EPCCGN01,1,29,,,NOEXT
EPC$$CGN,1,DB2$$B90,1,37,,,NOEXT
EPC$$FAF,1,PLIPPFAF,1,29,,,NOEXT
EPC$$FAF,1,PLICCFAF,1,35,,,NOEXT
EPC$$FAF,1,PLICICG1,1,40,,,NOEXT
EPC$$FAF,1,PLIPPFAF,1,42,,,NOEXT
EPC$$FAF,1,PLI$$DEC,1,44,,,NOEXT
EPC$$FAF,1,PLICCFAF,1,46,,,NOEXT
EPC$$PLI,1,CMN$$SYC,1,156,,,NOEXT
EPC$$PLI,1,DB2$$B90,1,202,,,NOEXT
EPC$$PLI,1,SKDBPGEN,1,204,,,NOEXT
EPCBINDR,1,SKM$$VAR,1,25,,,NOEXT
EPCBINDR,1,EPCLCORB,1,41,,,NOEXT
EPCBINDR,1,CMN$$OBL,1,77,,,NOEXT
EPCBINDR,1,CMN$$SYL,1,79,,,NOEXT
EPCBINDR,1,CMN$$ILL,1,80,,,NOEXT
EPCBINDR,1,EPCBINDI,1,102,,,NOEXT
EPCBINDR,1,SKSBINDI,1,104,,,NOEXT
EPCBINDR,1,CMN$$SYL,1,120,,,NOEXT
EPCBINDR,1,CMN$$ILC,1,136,,,NOEXT
EPCCGN01,1,CMN$$SYC,1,89,,,NOEXT
EPCLSTCS,1,SKM$$XLB,1,18,,,NOEXT
EPCLSTCS,1,SKM$$XLB,1,49,,,NOEXT
EPCPLGCK,1,SKM$$XLB,1,8,,,NOEXT
EPCPLGCK,1,CMN$$SPR,1,9,,,NOEXT
EPP$$PLI,1,CMN$$SYC,1,27,,,NOEXT
LE3$$CGN,1,CMN$$SYC,1,56,,,NOEXT
LE3$$CGN,1,CMN$$SYC,1,100,,,NOEXT
LE3$$CGN,1,SKM$$VAR,1,115,,,NOEXT
LE3$$CGN,1,CMN$$SYC,1,246,,,NOEXT
LE3$$CGN,1,CMN$$SYC,1,358,,,NOEXT
LE3$$CGN,1,SKM$$VAR,1,432,,,NOEXT
LE3$$CGN,1,CMN$$SYL,1,473,,,NOEXT
LE3$$CGN,1,CMN$$ILL,1,474,,,NOEXT
LE3$$CGN,1,CMN$$SYL,1,505,,,NOEXT
LE3$$CGN,1,CMN$$ILC,1,521,,,NOEXT
LE3$$PLI,1,SKM$$IDL,1,12,,,NOEXT
LE3$$PLI,1,CMN$$SYC,1,71,,,NOEXT
LE3$$PLI,1,SKM$$XPP,1,87,,,NOEXT
LE3PLIPP,1,SKSPLAUS,1,6,,,NOEXT
LE3PLIPP,1,PLIETABX,1,16,,,NOEXT
LE3PLIPP,1,CMN$$SYC,1,77,,,NOEXT
LOAD,1,CMN$$VAR,1,6,,,NOEXT
LOAD,1,CMN$$ENQ,1,138,,,NOEXT
LOAD,1,CMN90,1,144,,,NOEXT
LOAD,1,CMN99,1,145,,,NOEXT
LOAD,1,CMN$$RMS,2,149,,,NOEXT
LOAD,1,CMN$$PCP,1,150,,,NOEXT
LOAD,1,SKM$$VAR,1,152,,,NOEXT
OBJ$$SSI,1,SKM$$XLB,1,9,,,NOEXT
OBJ$$SSI,1,CMN$$SPR,1,10,,,NOEXT
PLICCFAF,1,CMN$$SYC,1,74,,,NOEXT
PLIGEN,1,CMN$$JCD,1,15,,,NOEXT
PLIGEN,1,CMN$$VAR,1,23,,,NOEXT
PLIGEN,1,SKSJOBNO,1,24,,,NOEXT
PLIGEN,1,CMN$$WRT,1,27,,,NOEXT
PLIGEN,1,SKSPLIPP,-1,30,,,NOEXT
PLIGEN,1,CMN$$PDB,1,33,,,NOEXT
PLIGEN,1,CMN$$CIC,1,36,,,NOEXT
PLIGEN,1,SKS$$IMS,1,39,,,NOEXT
PLIGEN,1,CMN$$PLI,1,41,,,NOEXT
PLIGEN,1,CMN$$OBJ,1,45,,,NOEXT
PLIGEN,1,CMN90,1,47,,,NOEXT
PLIGEN,1,CMN99,1,48,,,NOEXT
PLIGEN,1,CMN$$SSI,1,55,,,NOEXT
PLIGEN,1,SKSBINDR,1,59,,,NOEXT
PLIGEN,1,CMN$$DBC,1,62,,,NOEXT
PLIGEN,1,SKSITEST,1,66,,,NOEXT
PLIGEN,1,CMN$$BND,-1,69,,,NOEXT
PLIGEN,1,SKS$$CGN,-1,73,,,NOEXT
PLIGEN,1,CMN90,1,76,,,NOEXT
PLIGEN,1,CMN99,1,77,,,NOEXT
PLIGEN,1,CMN$$RMS,2,83,,,NOEXT
PLIGEN,1,CMN$$PCP,1,85,,,NOEXT
PLIGEN,1,SKM$$VAR,1,87,,,NOEXT
PLIPPFAF,1,CMN$$SYC,1,15,,,NOEXT
PSBGNALT,1,CMN$$VAR,1,6,,,NOEXT
PSBGNALT,1,ALT$PWRT,-1,42,,,NOEXT
PSBGNALT,1,CMN$$IMS,1,44,,,NOEXT
PSBGNALT,1,ALT$$PSB,-1,46,,,NOEXT
PSBGNALT,1,CMN$$OBJ,1,50,,,NOEXT
PSBGNALT,1,CMN90,1,52,,,NOEXT
PSBGNALT,1,CMN99,1,53,,,NOEXT
PSBGNALT,1,CMN$$SSI,1,60,,,NOEXT
PSBGNALT,1,SKSSPLNK,1,61,,,NOEXT
PSBGNALT,1,ALT$$ACB,-1,62,,,NOEXT
PSBGNALT,1,SKS$$PCP,-1,63,,,NOEXT
PSBGNALT,1,CMN90,1,64,,,NOEXT
PSBGNALT,1,CMN99,1,65,,,NOEXT
PSBGNALT,1,CMN$$RMS,2,71,,,NOEXT
RPBADBND,1,SKID2MMO,1,44,,,NOEXT
S8PD2BND,1,SKM$$JLB,1,60,,,NOEXT
S8PD2BND,1,SKPD2BDP,1,66,,,NOEXT
S8PD2BND,1,SKPD2JSK,1,69,,,NOEXT
S8PD2BND,1,SKPD2BDP,1,77,,,NOEXT
S8PD2BND,1,SKPD2BDP,1,84,,,NOEXT
S8PD2BND,1,SKPD2BDP,1,91,,,NOEXT
S8PD2BND,1,SKPD2BDP,1,98,,,NOEXT
S8PD2BND,1,SKPD2BDP,1,105,,,NOEXT
S8PD2BND,1,SKM$$JLB,1,128,,,NOEXT
S8PD2BND,1,SKPD2BDP,1,139,,,NOEXT
S8PD2BND,1,SKPD2JSK,1,142,,,NOEXT
S8PD2BND,1,SKPD2BDP,1,154,,,NOEXT
S8PD2BND,1,SKPD2BDP,1,166,,,NOEXT
S8PD2BND,1,SKPD2BDP,1,178,,,NOEXT
S8PD2BND,1,SKPD2BDP,1,190,,,NOEXT
S8PD2BND,1,SKPD2BDP,1,202,,,NOEXT
S8PD2BND,1,SKPDBB,1,210,,,NOEXT
SCMEVTCK,1,SKM$$XLB,1,22,,,NOEXT
SCMEVTCK,1,SKDIEPST,1,59,,,NOEXT
SCMGNMTA,1,SKM$$XLB,1,8,,,NOEXT
SCMGNMTR,1,SKM$$XLB,1,7,,,NOEXT
SCMGNMTR,1,CMN$$SYC,1,10,,,NOEXT
SCMPDSST,1,SKM$$XLB,1,40,,,NOEXT
SKADBEND,1,SKAUMEMO,1,5,,,NOEXT
SKBNEWCP,1,SKM$$VAR,1,3,,,NOEXT
SKBNEWCP,1,SKM$$JLB,1,60,,,NOEXT
SKBNEWCP,1,SKBNEWCI,1,72,,,NOEXT
SKBNEWCP,1,SKM$$JLB,1,138,,,NOEXT
SKBNEWCP,1,SKBNEWCI,1,149,,,NOEXT
SKBNEWCP,1,SKM$$JLB,1,215,,,NOEXT
SKBNEWCP,1,SKBNEWCI,1,226,,,NOEXT
SKBNEWCP,1,SKM$$JLB,1,292,,,NOEXT
SKBNEWCP,1,SKBNEWCI,1,303,,,NOEXT
SKDBPGEN,1,SKM$$XLB,1,9,,,NOEXT
SKDBPGN2,1,CMN$$ENQ,1,17,,,NOEXT
SKDIEPST,1,SKM$$XLB,1,32,,,NOEXT
SKED2BDP,1,SKM$$XLB,1,14,,,NOEXT
SKED2BDP,1,SKED2BCT,1,27,,,NOEXT
SKED2BDP,1,SKM$$XLB,1,65,,,NOEXT
SKED2BDP,1,SKED2BCT,1,80,,,NOEXT
SKED2BDP,1,SKM$$XLB,1,95,,,NOEXT
SKED2BND,1,SKM$$VAR,1,3,,,NOEXT
SKED2BND,1,RPBADBND,1,16,,,NOEXT
SKED2BND,1,SKM$$XLB,1,35,,,NOEXT
SKED2BND,1,SKID2MMO,1,73,,,NOEXT
SKED2BND,1,CMN$$RPJ,1,107,,,NOEXT
SKED2BND,1,SKM$$JLB,1,122,,,NOEXT
SKED2BND,1,SKIRMLIB,1,125,,,NOEXT
SKED2BND,1,SKED2BDP,1,145,,,NOEXT
SKED2BND,1,SKED2JSK,1,147,,,NOEXT
SKED2BND,1,SKED2BDP,1,158,,,NOEXT
SKED2BND,1,SKED2BDP,1,169,,,NOEXT
SKED2BND,1,SKED2BDP,1,180,,,NOEXT
SKED2BND,1,SKED2BDP,1,191,,,NOEXT
SKED2BND,1,SKED2BDP,1,202,,,NOEXT
SKED2BND,1,SKEDBB,1,209,,,NOEXT
SKED2BND,1,RPBADBND,1,242,,,NOEXT
SKED2JSK,1,SKM$$XLB,1,8,,,NOEXT
SKEPTAAC,1,SKEPTAPS,1,23,,,NOEXT
SKI21BDP,1,SKM$$XLB,1,9,,,NOEXT
SKI21BDP,1,SKID2BCT,1,21,,,NOEXT
SKI21BND,1,SKM$$VAR,1,4,,,NOEXT
SKI21BND,1,SKI21IT4,1,42,,,NOEXT
SKI21BND,1,SKID2MMO,1,45,,,NOEXT
SKI21BND,1,SKI21IT4,1,59,,,NOEXT
SKI21BND,1,SKM$$XLB,1,69,,,NOEXT
SKI21BND,1,CMN$$SPR,1,90,,,NOEXT
SKI21BND,1,BNDCTRLM,1,124,,,NOEXT
SKI21BND,1,SKM$$JLB,1,141,,,NOEXT
SKI21BND,1,SKI21BDP,1,151,,,NOEXT
SKI21BND,1,SKI21JSK,1,155,,,NOEXT
SKI21BND,1,SKI21BDP,1,166,,,NOEXT
SKI21BND,1,SKI21BDP,1,178,,,NOEXT
SKI21BND,1,SKI21BDP,1,186,,,NOEXT
SKI21BND,1,SKI21BDP,1,194,,,NOEXT
SKI21BND,1,SKI21BDP,1,202,,,NOEXT
SKI21BND,1,SKI21DBB,1,212,,,NOEXT
SKI21BND,1,SKI21IT4,1,237,,,NOEXT
SKI21BND,1,SKM$$XLB,1,245,,,NOEXT
SKI21BND,1,SKM$$XLB,1,269,,,NOEXT
SKI21BND,1,SKI21IT4,1,279,,,NOEXT
SKI21BND,1,SKID2MMO,1,282,,,NOEXT
SKI21BND,1,SKI21IT4,1,295,,,NOEXT
SKI21BND,1,SKID2MMO,1,298,,,NOEXT
SKI21JSK,1,SKM$$XLB,1,9,,,NOEXT
SKI32BDP,1,SKM$$XLB,1,11,,,NOEXT
SKI32BDP,1,SKID2BCT,1,23,,,NOEXT
SKI32BND,1,BNDCTRLM,1,16,,,NOEXT
SKI32BND,1,SKM$$JLB,1,33,,,NOEXT
SKI32BND,1,SKI32BDP,1,54,,,NOEXT
SKI32BND,1,SKI32JSK,1,57,,,NOEXT
SKI32BND,1,SKI32BDP,1,69,,,NOEXT
SKI32BND,1,SKI32BDP,1,79,,,NOEXT
SKI32BND,1,SKI32BDP,1,89,,,NOEXT
SKI32BND,1,SKI32BDP,1,99,,,NOEXT
SKI32BND,1,SKI32BDP,1,109,,,NOEXT
SKI32BND,1,SKI32DBB,1,113,,,NOEXT
SKI32BND,1,SKI32IT4,1,121,,,NOEXT
SKI32BND,1,SKID2MMO,1,124,,,NOEXT
SKI32JSK,1,SKM$$XLB,1,9,,,NOEXT
SKID2BCT,1,SKM$$VAR,1,3,,,NOEXT
SKINEWCP,1,SKM$$VAR,1,3,,,NOEXT
SKINEWCP,1,SKM$$JLB,1,40,,,NOEXT
SKINEWCP,1,SKINEWCI,1,48,,,NOEXT
SKINEWCP,1,SKM$$JLB,1,92,,,NOEXT
SKINEWCP,1,SKINEWCI,1,99,,,NOEXT
SKINEWCP,1,SKM$$JLB,1,143,,,NOEXT
SKINEWCP,1,SKINEWCI,1,150,,,NOEXT
SKINEWCP,1,SKM$$JLB,1,194,,,NOEXT
SKINEWCP,1,SKINEWCI,1,201,,,NOEXT
SKINEWCP,1,SKM$$JLB,1,245,,,NOEXT
SKINEWCP,1,SKINEWCI,1,252,,,NOEXT
SKINEWCP,1,SKM$$JLB,1,296,,,NOEXT
SKINEWCP,1,SKINEWCI,1,303,,,NOEXT
SKINEWCP,1,SKM$$JLB,1,352,,,NOEXT
SKINEWCP,1,SKINEWCI,1,359,,,NOEXT
SKINEWCP,1,SKM$$JLB,1,403,,,NOEXT
SKINEWCP,1,SKINEWCI,1,410,,,NOEXT
SKINEWCP,1,SKM$$JLB,1,454,,,NOEXT
SKINEWCP,1,SKINEWCI,1,461,,,NOEXT
SKISCMTG,1,SKM$$XLB,1,15,,,NOEXT
SKM$$SCM,1,SKM$$XLB,1,17,,,NOEXT
SKM$$SCM,1,CMN$$SPR,1,18,,,NOEXT
SKM$$XPA,1,CMN$$SYC,1,16,,,NOEXT
SKM$$XPC,1,CMN$$SYC,1,28,,,NOEXT
SKM$$XPP,1,CMN$$SYC,1,34,,,NOEXT
SKMAPPLV,1,SKM$$VAR,1,6,,,NOEXT
SKMAPPLV,1,SKMPAPPL,1,12,OPT,,NOEXT
SKMAPPLV,1,SKMP&PROJECT,-1,13,OPT,,NOEXT
SKMAPPLV,1,SKM$$VAR,1,17,,,NOEXT
SKMAPPLV,1,SKMG&SKAGROUP,-1,19,OPT,,NOEXT
SKMAPPLV,1,SKMPAPPL,1,25,OPT,,NOEXT
SKMAPPLV,1,SKMP&PROJECT,-1,26,OPT,,NOEXT
SKMIDRZ8,1,SKM$$JLB,1,27,,,NOEXT
SKMIDRZ8,1,SKM$$IDL,1,31,,,NOEXT
SKMIDRZ8,1,SKMIDLIR,1,32,,,NOEXT
SKMIDRZ8,1,SKM$$IDL,1,37,,,NOEXT
SKMIDRZ8,1,SKMIDLGW,1,38,,,NOEXT
SKMQMSBS,1,SKMQMSSL,1,18,,,NOEXT
SKMQMSBS,1,SKMQMSSL,1,24,,,NOEXT
SKMQMSBS,1,SKMQMSSL,1,31,,,NOEXT
SKMQMSBS,1,SKMQMSSL,1,38,,,NOEXT
SKMQMSBS,1,SKMQMSSL,1,44,,,NOEXT
SKMQMSBS,1,SKMQMSSL,1,50,,,NOEXT
SKMQMSBS,1,SKMQMSSL,1,90,,,NOEXT
SKMQMSBS,1,SKMQMSSL,1,126,,,NOEXT
SKMQMSBS,1,SKMQMSSL,1,132,,,NOEXT
SKMQMSBS,1,SKMQMSSL,1,139,,,NOEXT
SKMQMSBS,1,SKMQMSSL,1,146,,,NOEXT
SKMQMSBS,1,SKMQMSSL,1,152,,,NOEXT
SKMQMSBS,1,SKMQMSSL,1,158,,,NOEXT
SKMQMSSS,1,SKMQMSBS,1,42,,,NOEXT
SKMQMSSS,1,SKMQMSBS,1,46,,,NOEXT
SKPCODEC,1,CMN$$SYC,1,60,,,NOEXT
SKPD2BDP,1,SKM$$XLB,1,12,,,NOEXT
SKPD2BDP,1,SKPD2BCT,1,27,,,NOEXT
SKPD2BDP,1,SKM$$XLB,1,88,,,NOEXT
SKPD2BDP,1,SKPD2BCT,1,99,,,NOEXT
SKPD2BDP,1,SKM$$XLB,1,106,,,NOEXT
SKPD2BND,1,SKM$$JLB,1,109,,,NOEXT
SKPD2BND,1,SKPD2BDP,1,115,,,NOEXT
SKPD2BND,1,SKPD2JSK,1,118,,,NOEXT
SKPD2BND,1,SKPD2BDP,1,126,,,NOEXT
SKPD2BND,1,SKPD2BDP,1,133,,,NOEXT
SKPD2BND,1,SKPD2BDP,1,140,,,NOEXT
SKPD2BND,1,SKPD2BDP,1,147,,,NOEXT
SKPD2BND,1,SKPD2BDP,1,154,,,NOEXT
SKPD2BND,1,SKM$$JLB,1,179,,,NOEXT
SKPD2BND,1,SKPD2BDP,1,190,,,NOEXT
SKPD2BND,1,SKPD2JSK,1,193,,,NOEXT
SKPD2BND,1,SKPD2BDP,1,205,,,NOEXT
SKPD2BND,1,SKPD2BDP,1,217,,,NOEXT
SKPD2BND,1,SKPD2BDP,1,229,,,NOEXT
SKPD2BND,1,SKPD2BDP,1,241,,,NOEXT
SKPD2BND,1,SKPD2BDP,1,253,,,NOEXT
SKPD2BND,1,SKPDBB,1,261,,,NOEXT
SKPD2JSK,1,SKM$$XLB,1,28,,,NOEXT
SKPDBB,1,SKM$$XLB,1,6,,,NOEXT
SKPDBB,1,SKM$$XLB,1,44,,,NOEXT
SKPNEWCP,1,SKM$$VAR,1,15,,,NOEXT
SKPNEWCP,1,SKM$$JLB,1,57,,,NOEXT
SKPNEWCP,1,SKPNEWCI,1,70,,,NOEXT
SKPNEWCP,1,SKM$$JLB,1,109,,,NOEXT
SKPNEWCP,1,SKPNEWCI,1,121,,,NOEXT
SKPNEWCP,1,SKM$$JLB,1,160,,,NOEXT
SKPNEWCP,1,SKPNEWCI,1,172,,,NOEXT
SKPNEWCP,1,SKM$$JLB,1,211,,,NOEXT
SKPNEWCP,1,SKPNEWCI,1,223,,,NOEXT
SKPNEWCP,1,SKM$$JLB,1,292,,,NOEXT
SKPNEWCP,1,SKPNEWCI,1,304,,,NOEXT
SKPNEWCP,1,SKM$$JLB,1,354,,,NOEXT
SKPNEWCP,1,SKPNEWCI,1,358,,,NOEXT
SKPNEWCP,1,SKM$$JLB,1,408,,,NOEXT
SKPNEWCP,1,SKPNEWCI,1,412,,,NOEXT
SKPNEWCP,1,SKM$$VAR,1,445,,,NOEXT
SKPQCHK2,1,SKM$$SLB,1,25,,,NOEXT
SKPQCHK2,1,SKM$$XLB,1,50,,,NOEXT
SKRPSCR,1,SKM$$XLB,1,39,,,NOEXT
SKRPSCR,1,SKM$$ISP,1,40,,,NOEXT
SKRPSCR,1,CMN$$SPR,1,41,,,NOEXT
SKRPSCR,1,SKM$$JLB,1,146,,,NOEXT
SKS$$050,1,CMN$$ENQ,1,35,,,NOEXT
SKS$$050,1,CICPHAIN,1,101,,,NOEXT
SKS$$050,1,CMN00INS,1,109,,,NOEXT
SKS$$050,1,CMN99INS,1,128,,,NOEXT
SKS$$PSB,1,SKS$PSYC,1,18,,,NOEXT
SKS$$T20,1,CMN00,1,6,,,NOEXT
SKS$$T20,1,CMNINRPM,1,17,,,NOEXT
SKS$$T20,1,CMNINIGN,1,39,,,NOEXT
SKS$$T20,1,CMNINIGN,1,42,,,NOEXT
SKS$$T20,1,CMNINIGN,1,45,,,NOEXT
SKS$$T20,1,CMN$$ENQ,1,62,,,NOEXT
SKS$$T20,1,CMNINACB,1,125,,,NOEXT
SKS$$T20,1,CMN$$CA7,2,133,,,NOEXT
SKS$$T20,1,CMN30PRI,-1,140,,,NOEXT
SKS$$T20,1,CMN30PRI,-1,144,,,NOEXT
SKS$$T20,1,CMN00,1,151,,,NOEXT
SKS$$T20,1,CMN99,1,167,,,NOEXT
SKS$$T20,1,CMN$$PCP,1,185,,,NOEXT
SKS$BSCI,1,SKM$$VAR,1,11,,,NOEXT
SKS$BSCI,1,SKM$$JLB,1,22,,,NOEXT
SKS$BSCI,1,SKATSOLB,1,38,,,NOEXT
SKS$EOPT,1,SKM$$VAR,1,11,,,NOEXT
SKS$EOPT,1,SKM$$JLB,1,21,,,NOEXT
SKS$EOPT,1,SKATSOLB,1,37,,,NOEXT
SKSBAU,1,CMN$$VAR,1,17,,,NOEXT
SKSBAU,1,CMN$$WRT,1,21,,,NOEXT
SKSBAU,1,SKSBAUDT,1,22,,,NOEXT
SKSBAU,1,CMN90,1,23,,,NOEXT
SKSBAU,1,CMN99,1,24,,,NOEXT
SKSBAU,1,CMN$$PCP,1,28,,,NOEXT
SKSBAUDT,1,CMN$$SYC,1,74,,,NOEXT
SKSBINDR,1,SKM$$VAR,1,8,,,NOEXT
SKSBINDR,1,SKPLKORB,1,140,,,NOEXT
SKSBINDR,1,CMN$$OBL,1,242,,,NOEXT
SKSBINDR,1,CMN$$SYL,1,245,,,NOEXT
SKSBINDR,1,CMN$$ILL,1,246,,,NOEXT
SKSBINDR,1,SKSBINDI,1,274,,,NOEXT
SKSBINDR,1,CMN$$SYL,1,290,,,NOEXT
SKSBINDR,1,CMN$$ILC,1,306,,,NOEXT
SKSCCILD,1,CMN$$SPR,1,19,,,NOEXT
SKSCCILD,1,SKM$$XLB,1,46,,,NOEXT
SKSCCILD,1,CMN$$SPR,1,70,,,NOEXT
SKSCKDBR,1,SKM$$VAR,1,3,,,NOEXT
SKSCKDBR,1,SKM$$XLB,1,30,,,NOEXT
SKSCOB2,1,CMN$$VAR,1,8,,,NOEXT
SKSCOB2,1,SKSJOBNO,1,14,,,NOEXT
SKSCOB2,1,CMN$$WRT,1,17,,,NOEXT
SKSCOB2,1,CMNAPCOM,2,20,,,NOEXT
SKSCOB2,1,CMN$$PDB,1,23,,,NOEXT
SKSCOB2,1,CMN$$CIC,1,26,,,NOEXT
SKSCOB2,1,CMN$$CO2,1,28,,,NOEXT
SKSCOB2,1,CMN90,1,32,,,NOEXT
SKSCOB2,1,CMN99,1,33,,,NOEXT
SKSCOB2,1,CMN$$SSI,1,39,,,NOEXT
SKSCOB2,1,SKSBINDR,1,42,,,NOEXT
SKSCOB2,1,SKSBINDR,1,50,,,NOEXT
SKSCOB2,1,SKSBINDR,1,59,,,NOEXT
SKSCOB2,1,CMN$$DBC,1,64,,,NOEXT
SKSCOB2,1,SKSITEST,1,76,,,NOEXT
SKSCOB2,1,CMN90,1,79,,,NOEXT
SKSCOB2,1,CMN99,1,80,,,NOEXT
SKSCOB2,1,CMN$$RMS,2,87,,,NOEXT
SKSCOB2,1,CMN$$PCP,1,89,,,NOEXT
SKSCOB2,1,SKM$$VAR,1,93,,,NOEXT
SKSCOBLE,1,CMN$$VAR,1,8,,,NOEXT
SKSCOBLE,1,SKSJOBNO,1,14,,,NOEXT
SKSCOBLE,1,CMN$$WRT,1,17,,,NOEXT
SKSCOBLE,1,CMNAPCOM,2,20,,,NOEXT
SKSCOBLE,1,CMN$$PDB,1,25,,,NOEXT
SKSCOBLE,1,CMN$$CIC,1,28,,,NOEXT
SKSCOBLE,1,CMN$$COE,1,30,,,NOEXT
SKSCOBLE,1,CMN90,1,34,,,NOEXT
SKSCOBLE,1,CMN99,1,35,,,NOEXT
SKSCOBLE,1,CMN$$SSI,1,41,,,NOEXT
SKSCOBLE,1,SKSBINDR,1,46,,,NOEXT
SKSCOBLE,1,SKSBINDR,1,54,,,NOEXT
SKSCOBLE,1,SKSBINDR,1,63,,,NOEXT
SKSCOBLE,1,CMN$$DBC,1,68,,,NOEXT
SKSCOBLE,1,SKSITEST,1,80,,,NOEXT
SKSCOBLE,1,CMN90,1,83,,,NOEXT
SKSCOBLE,1,CMN99,1,84,,,NOEXT
SKSCOBLE,1,CMN$$RMS,2,91,,,NOEXT
SKSCOBLE,1,CMN$$PCP,1,93,,,NOEXT
SKSCOBLE,1,SKM$$VAR,1,97,,,NOEXT
SKSCSUTL,1,CMN$$SPR,1,51,,,NOEXT
SKSCSUTL,1,CMN$$SPR,1,95,,,NOEXT
SKSDB2TM,1,CMN$$SPR,1,6,,,NOEXT
SKSDUPCK,1,SKM$$XLB,1,13,,,NOEXT
SKSDUPCK,1,CMN$$SPR,1,14,,,NOEXT
SKSIDL,1,CMN$$VAR,1,19,,,NOEXT
SKSIDL,1,SKM$$IDL,1,22,,,NOEXT
SKSIDL,1,SKSJOBNO,1,46,,,NOEXT
SKSIDL,1,SKMIDLIR,1,53,,,NOEXT
SKSIDL,1,SKM$$SLB,1,316,,,NOEXT
SKSIDL,1,SKM$$SLB,1,349,,,NOEXT
SKSIDL,1,SKM$$SLB,1,382,,,NOEXT
SKSIDL,1,SKM$$SLB,1,413,,,NOEXT
SKSIDL,1,CMN90,1,579,,,NOEXT
SKSIDL,1,CMN99,1,580,,,NOEXT
SKSIDL,1,CMN$$PCP,1,581,,,NOEXT
SKSIDL,1,SKM$$VAR,1,583,,,NOEXT
SKSJSS,1,CMN$$VAR,1,6,,,NOEXT
SKSJSS,1,CMN$$ENQ,1,96,,,NOEXT
SKSJSS,1,CMN90,1,104,,,NOEXT
SKSJSS,1,CMN99,1,105,,,NOEXT
SKSJSS,1,CMN$$RMS,2,111,,,NOEXT
SKSJSS,1,CMN$$PCP,1,113,,,NOEXT
SKSJSS,1,SKM$$VAR,1,116,,,NOEXT
SKSLEOPT,1,SKM$$XLB,1,40,,,NOEXT
SKSLEOPT,1,SKMSLLLB,1,56,,,NOEXT
SKSLEOPT,1,SKM$$XLB,1,57,,,NOEXT
SKSPAPRS,1,CMN$$VAR,1,6,,,NOEXT
SKSPAPRS,1,SKSPAP01,1,10,,,NOEXT
SKSPAPRS,1,CMN90,1,11,,,NOEXT
SKSPAPRS,1,CMN99,1,12,,,NOEXT
SKSPAPRS,1,CMN$$PCP,1,28,,,NOEXT
SKSPPCPY,1,CMN$$ENQ,1,52,,,NOEXT
SKSSACPY,1,CMN$$ENQ,1,45,,,NOEXT
SKSSPLNK,1,CMN$$OBL,1,39,,,NOEXT
SKSSPLNK,1,SKS$PSYL,1,41,,,NOEXT
SKSSPLNK,1,CMN$$ILL,1,47,,,NOEXT
SKSSYNCN,1,SKM$$XLB,1,12,,,NOEXT
SKSSYNCN,1,CMN$$SPR,1,13,,,NOEXT
SKSXMCPY,1,CMN$$ENQ,1,48,,,NOEXT
SKUCMPLL,1,SKUCMPJC,1,22,,,NOEXT
SKXLIPVA,1,CMN$$SYC,1,55,,,NOEXT
SKXVACGN,1,CMN$$SYC,1,42,,,NOEXT
SKXVACGN,1,CMN$$SYC,1,86,,,NOEXT
SKXVACGN,1,SKM$$VAR,1,101,,,NOEXT
SKXVACGN,1,CMN$$SYC,1,218,,,NOEXT
SKXVACGN,1,CMN$$SYC,1,316,,,NOEXT
SKXVACGN,1,SKM$$VAR,1,399,,,NOEXT
SKXVACGN,1,CMN$$SYL,1,440,,,NOEXT
SKXVACGN,1,CMN$$ILL,1,441,,,NOEXT
SKXVAPDB,1,CMN$$SYC,1,84,,,NOEXT
SKXVAPDB,1,SKM$$VAR,1,119,,,NOEXT
SKXVAPDB,1,SKSCSBPP,1,146,,,NOEXT
SKXVAPLI,1,SKM$$IDL,1,14,,,NOEXT
SKXVAPLI,1,CMN$$SYC,1,52,,,NOEXT
TSTXPOL,1,SKSXPOLC,-1,3,,,NOEXT
TSTXPOL,1,SKSXPOLL,-1,4,,,NOEXT
