Skeleton,Table,Line Number
BCHECKO1,BCHECKO2,7
BCHECKO1,BCHECKO1,10
BCHECKO2,BCHECKO1,10
BCHECKO2,BCHECKO1,22
BCHECKO2,BCHECKO1,32
BNDCMRPM,CMNDB2SS,6
CAS$$017,GNDSCTBL,22
CAS$$017,IMPINTBL,28
CAS$$020,GNDSCTBL,23
CAS$$020,IMPINTBL,29
CAS$$020,&RMLBTBL,167
CAS$$020,&STGLTYP.CPYTB,212
CAS$$020,&STGLTYP.DELTB,260
CAS$$020,&STGLTYP.CPYTB,315
CAS$$020,&STGLTYP.DELTB,361
CAS$$020,&STGLTYP.RENTB,378
CAS$$020,&RMLBTBL,466
CHU0751,CHTYPTS,14
CHU0751,CHTYPTS,20
CHU0751,CHCMPTS,34
CHU0751,CHCMPTS,52
CHU0752,CHTYPTR,9
CHU0752,CHTYPTR,15
CHU0752,CHCMPTR,30
CHU0752,CHCMPTR,42
CICPHAI8,RPMLIBTB,63
CICPHAI8,&RMLBTBL,70
CICPHAI8,&STGLTYP.CPYTB,72
CICPHAIN,RPMTBLLC,90
CICPHAIN,&RMLBTBL,96
CICPHAIN,&STGLTYP.CPYTB,98
CMN$$ACB,ACBBLDTB,118
CMN$$AUD,SCOPTABL,119
CMN$$BBL,CMPMBRTB,5
CMN$$BLA,PROJLTBL,15
CMN$$BLG,LOGRITBL,19
CMN$$BRC,CMPCPYTB,28
CMN$$BRT,CMPCPYTB,13
CMN$$BSN,APPLLTBL,12
CMN$$BSN,LTYPLTBL,15
CMN$$CBL,DLTLIBTB,375
CMN$$CBL,DLTLIBTB,411
CMN$$CKA,LTYPETBL,16
CMN$$CKA,LTYPETBL,36
CMN$$CKA,LTYPETBL,56
CMN$$CKO,CMPMBRTB,16
CMN$$CKO,CMPMBRTB,63
CMN$$CKO,CMPMBRTB,91
CMN$$CKO,CMPMBRTB,176
CMN$$CKO,CMPMBRTB,179
CMN$$CKO,DLTLIBTB,180
CMN$$CKO,DLTLIBTB,226
CMN$$CKO,CMPMBRTB,272
CMN$$CKO,CMPMBRTB,291
CMN$$CKO,CMPMBRTB,319
CMN$$CKO,CMPMBRTB,390
CMN$$CKO,CMPMBRTB,410
CMN$$CLN,RPMLIBTB,9
CMN$$CLN,CLNMODTB,12
CMN$$CLN,CLNMODTB,56
CMN$$CLN,CLNMODTB,71
CMN$$CLN,CLNMODTB,86
CMN$$CLN,CLNMODTB,101
CMN$$CNC,RPMLIBTB,15
CMN$$CNC,RPMTB&LIBTYPE,39
CMN$$CPR,STGSLTBL,23
CMN$$CPR,STGSLTBL,30
CMN$$CPR,STGSLTBL,50
CMN$$CPR,STGSLTBL,57
CMN$$CPR,STGSLTBL,61
CMN$$CPR,DLTLIBTB,62
CMN$$CPR,STGSLTBL,88
CMN$$CPR,STGSLTBL,95
CMN$$CPR,STGSLTBL,114
CMN$$CPR,STGSLTBL,121
CMN$$CPR,STGSLTBL,179
CMN$$CPR,STGSLTBL,186
CMN$$DEL,RPMTB&LIBTYPE,27
CMN$$F10,RPMSTTBL,42
CMN$$F10,&RMLBTBL,64
CMN$$IGN,RPMTB&LIBTYPE,67
CMN$$ILC,SYSLODTB,8
CMN$$ILC,LTYPETBL,19
CMN$$ILC,XPOLLTBL,28
CMN$$ILC,RPMLIBTB,41
CMN$$ILC,BASLIBTB,48
CMN$$ILL,SYSLODTB,14
CMN$$ILL,LTYPETBL,24
CMN$$ILL,XPOLLTBL,32
CMN$$ILL,RPMLIBTB,46
CMN$$ILL,BASLIBTB,54
CMN$$LB2,CMPMBRTB,14
CMN$$LB2,CMPMBRTB,44
CMN$$LNK,XPOLLTBL,50
CMN$$LNK,XPOLLTBL,60
CMN$$LNK,XPOLLTBL,83
CMN$$LNK,XPOLLTBL,93
CMN$$N10,RPMSTTBL,18
CMN$$N10,&RMLBTBL,26
CMN$$N10,&RMLBTBL,34
CMN$$N10,RPMSTTBL,59
CMN$$N10,RPMSTTBL,85
CMN$$N10,RPMSTTBL,103
CMN$$N10,&RMLBTBL,117
CMN$$N11,&RMLBTBL,6
CMN$$N11,RPMSTTBL,30
CMN$$NTF,APRLSTBL,118
CMN$$NTF,&APRVENT,131
CMN$$OBL,LTYPETBL,31
CMN$$OBL,BASLIBTB,89
CMN$$OTH,OTHLTTBL,28
CMN$$OTH,OTHLTTBL,47
CMN$$PAN,CMPMBRTB,15
CMN$$PBL,DLTLIBTB,118
CMN$$PBL,RPMLIBTB,176
CMN$$PBL,BASLIBTB,181
CMN$$PBL,RPMLIBTB,200
CMN$$PBL,BASLIBTB,206
CMN$$PBL,BASLIBTB,212
CMN$$PCT,RPMLIBTB,6
CMN$$PMT,RPMLIBTB,14
CMN$$PMT,RPMTB&LIBTYPE,44
CMN$$PRB,CMNDB2NN,95
CMN$$PRB,RPMLIBTB,117
CMN$$PRB,RPMTB&LIBTYPE,119
CMN$$PRB,RPMLIBTB,135
CMN$$PRB,RPMTB&LIBTYPE,137
CMN$$PRB,RPMLIBTB,152
CMN$$PRB,RPMTB&LIBTYPE,154
CMN$$PRB,RPMLIBTB,174
CMN$$PRB,RPMLIBTB,187
CMN$$PRB,CMNDB2SS,198
CMN$$PRB,CMNDB2SS,206
CMN$$PRB,RPMLIBTB,227
CMN$$PRM,RPMLIBTB,20
CMN$$PRM,RPMLIBTB,53
CMN$$PRM,RPMLIBTB,96
CMN$$PRM,RPMTB&LIBTYPE,99
CMN$$PRM,CLNHSTTB,108
CMN$$PRM,COMCHKTB,118
CMN$$PRO,RPMTB&LIBTYPE,22
CMN$$PRS,CMNLBTBL,6
CMN$$PSQ,RPMLIBTB,14
CMN$$PSQ,RPMTB&LIBTYPE,43
CMN$$PSQ,CMNDB2NN,51
CMN$$PSQ,RPMTB&LIBTYPE,92
CMN$$PSQ,RPMLIBTB,108
CMN$$PSQ,PRDLIBTB,125
CMN$$PSQ,SYSLIBTB,150
CMN$$PSQ,RPMTB&LIBTYPE,162
CMN$$PSQ,CMNDB2NN,170
CMN$$PSQ,SYSLIBTB,184
CMN$$PSQ,RPMTB&LIBTYPE,223
CMN$$PST,RPMLIBTB,8
CMN$$PST,CMNDB2NN,14
CMN$$PST,RPMTB&LIBTYPE,25
CMN$$RAU,EROAUDTB,14
CMN$$RPB,CMNDB2NN,95
CMN$$RPB,RPMLIBTB,117
CMN$$RPB,RPMTB&LIBTYPE,119
CMN$$RPB,RPMLIBTB,135
CMN$$RPB,RPMTB&LIBTYPE,137
CMN$$RPB,RPMLIBTB,152
CMN$$RPB,RPMTB&LIBTYPE,154
CMN$$RPB,RPMLIBTB,174
CMN$$RPB,RPMLIBTB,189
CMN$$RPB,CMNDB2SS,202
CMN$$RPB,CMNDB2SS,210
CMN$$RPB,RPMLIBTB,231
CMN$$RPM,RPMLIBTB,47
CMN$$RPM,RPMLIBTB,90
CMN$$RPM,RPMLIBTB,155
CMN$$RPM,RPMLIBTB,177
CMN$$RPM,RPMLIBTB,218
CMN$$RPM,RPMLIBTB,256
CMN$$RPM,RPMLIBTB,303
CMN$$RPM,RPMLIBTB,311
CMN$$RPM,RPMLIBTB,346
CMN$$RPM,RPMLIBTB,388
CMN$$RPT,RPTSYITB,6
CMN$$RSQ,RPMLIBTB,14
CMN$$RSQ,RPMTB&LIBTYPE,43
CMN$$RSQ,CMNDB2NN,51
CMN$$RSQ,RPMTB&LIBTYPE,92
CMN$$RSQ,RPMLIBTB,108
CMN$$RSQ,PRDLIBTB,125
CMN$$RSQ,SYSLIBTB,150
CMN$$RSQ,RPMTB&LIBTYPE,162
CMN$$RSQ,CMNDB2NN,172
CMN$$RSQ,SYSLIBTB,186
CMN$$RSQ,RPMTB&LIBTYPE,225
CMN$$SPB,CMNDB2N1,98
CMN$$SPB,RPMLIBTB,120
CMN$$SPB,RPMTB&LIBTYPE,122
CMN$$SPB,RPMLIBTB,138
CMN$$SPB,RPMTB&LIBTYPE,140
CMN$$SPB,RPMLIBTB,155
CMN$$SPB,RPMTB&LIBTYPE,157
CMN$$SPB,RPMLIBTB,177
CMN$$SPB,RPMLIBTB,192
CMN$$SPB,CMNDB2S1,205
CMN$$SPB,CMNDB2S1,213
CMN$$SPB,RPMLIBTB,234
CMN$$SQL,&RMLBTBL,13
CMN$$SQL,CMNSQLAL,24
CMN$$SQL,&STGLTYP.CPYTB,48
CMN$$SQL,CMNDB2N1,84
CMN$$SQL,&STGLTYP.CPYTB,101
CMN$$SSI,LTYPETBL,38
CMN$$SSI,XPOLLTBP,44
CMN$$SSI,BASLIBTB,55
CMN$$SSI,CMPMBRTB,69
CMN$$SSV,CMPMBRTB,11
CMN$$STP,&RMLBTBL,14
CMN$$STP,CMNSQLAL,17
CMN$$STP,CMNDB2N1,22
CMN$$STP,&STGLTYP.CPYTB,35
CMN$$SYC,BASLIBTB,24
CMN$$SYC,SYSCPYTB,49
CMN$$SYC,LTYPETBL,59
CMN$$SYC,LTYPETBL,65
CMN$$SYC,BASLIBTB,71
CMN$$SYC,BASLIBTB,77
CMN$$SYC,SYSCPYTB,145
CMN$$SYC,RPMLIBTB,148
CMN$$SYC,LTYPETBL,181
CMN$$SYC,LTYPETBL,187
CMN$$SYC,XPOLLTBC,196
CMN$$SYC,XPOLLTBC,207
CMN$$SYC,RPMLIBTB,232
CMN$$SYC,BASLIBTB,256
CMN$$SYC,BASLIBTB,261
CMN$$SYC,BASLIBTB,269
CMN$$SYC,BASLIBTB,286
CMN$$SYL,SYSLODTB,25
CMN$$SYL,RPMLIBTB,35
CMN$$SYL,RPMLIBTB,43
CMN$$SYL,RPMLIBTB,54
CMN$$SYL,LTYPETBL,158
CMN$$SYL,LTYPETBL,166
CMN$$SYL,RPMLIBTB,172
CMN$$SYL,LTYPETBL,182
CMN$$SYL,RPMLIBTB,188
CMN$$SYL,LTYPETBL,198
CMN$$SYL,RPMLIBTB,204
CMN$$SYL,LTYPETBL,214
CMN$$SYL,RPMLIBTB,220
CMN$$SYL,XPOLLTBL,241
CMN$$SYL,BASLIBTB,272
CMN$$SYL,BASLIBTB,280
CMN$$SYL,BASLIBTB,289
CMN$$SYL,BASLIBTB,298
CMN$$SYL,BASLIBTB,307
CMN$$SYL,BASLIBTB,315
CMN$$WRT,BASLIBTB,128
CMN$$WRT,SYSCPYTB,154
CMN$$WRT,SYSCPYTB,157
CMN$$WRT,LTYPETBL,170
CMN$$WRT,XPOLLTBC,178
CMN$$WRT,RPMLIBTB,197
CMN$$WRT,BASLIBTB,204
CMN$$WRT,BASLIBTB,209
CMN$$X10,RPMSTTBL,21
CMN$$X10,&RMLBTBL,29
CMN$$XPL,XPOLLTBP,29
CMN$$XPL,XPOLLTBP,44
CMN$$XPL,XPOLLTBC,55
CMN$$XPL,XPOLLTBC,68
CMN$$XPL,XPOLLTBL,77
CMN$$XPL,XPOLLTBL,90
CMN10,RPMSTTBL,92
CMN10,&RMLBTBL,110
CMN10,&RMLBTBL,152
CMN10,RPMSTTBL,250
CMN10,&RMLBTBL,266
CMN10,&RMLBTBL,287
CMN10,&RMLBTBL,308
CMN10,RPMSTTBL,344
CMN11,&RMLBTBL,22
CMN11,&RMLBTBL,42
CMN11,&RMLBTBL,58
CMN11,&RMLBTBL,101
CMN11,&STGLTYP.CPYTB,106
CMN11,&STGLTYP.CPYTB,112
CMN11,&STGLTYP.CPYTB,118
CMN11,&RMLBTBL,129
CMN11,&RMLBTBL,174
CMN11,IMSLSLTB,189
CMN11,IMSLSLTB,266
CMN20,&RMLBTBL,24
CMN20,&STGLTYP.CPYTB,37
CMN20,&STGLTYP.DELTB,42
CMN20,&RMLBTBL,72
CMN20,&RMLBTBL,107
CMN20,&STGLTYP.DELTB,121
CMN20,&STGLTYP.RENTB,126
CMN20I,&RMLBTBL,54
CMN20I,&STGLTYP.CPYTB,88
CMN20I,&STGLTYP.DELTB,98
CMN20I,&STGLTYP.CPYTB,161
CMN20I,IMSLSLTB,182
CMN20I,IMSLSLTB,240
CMN20I,&STGLTYP.CPYTB,271
CMN20I,&STGLTYP.DELTB,305
CMN20I,&STGLTYP.RENTB,310
CMN20I,&STGLTYP.CPYTB,354
CMN20I,&STGLTYP.DELTB,377
CMN20I,&STGLTYP.RENTB,382
CMN20I,&RMLBTBL,396
CMN20I,IMSLSLTB,419
CMN20I,&RMLBTBL,500
CMN20I,&RMLBTBL,535
CMN20I,&STGLTYP.CPYTB,555
CMN20I,IMSLSLTB,708
CMN20T,&RMLBTBL,22
CMN20T,&RMLBTBL,50
CMN20T,&STGLTYP.DELTB,60
CMN20T,&RMLBTBL,69
CMN20T,&STGLTYP.RENTB,79
CMN20TI,&RMLBTBL,29
CMN20TI,&STGLTYP.CPYTB,74
CMN20TI,IMSLSLTB,94
CMN20TI,IMSLSLTB,119
CMN20TI,&STGLTYP.CPYTB,124
CMN20TI,&STGLTYP.DELTB,154
CMN20TI,&STGLTYP.RENTB,173
CMN20TI,&RMLBTBL,182
CMN20TI,IMSLSLTB,200
CMN21,&RMLBTBL,72
CMN21,&STGLTYP.CPYTB,263
CMN21,CMNDB2NN,343
CMN21,&RMLBTBL,366
CMN21,&STGLTYP.CPYTB,369
CMN21,DBRCPYTB,380
CMN21,DBBCPYTB,386
CMN21,CMNDB2SS,507
CMN30,&RMLBTBL,15
CMN30,&STGLTYP.CPYTB,30
CMN30,&STGLTYP.DELTB,76
CMN30,&STGLTYP.RENTB,107
CMN30,&STGLTYP.CPYTB,145
CMN30,&STGLTYP.DELTB,158
CMN30,&STGLTYP.RENTB,173
CMN30,&STGLTYP.CPYTB,188
CMN30,&STGLTYP.RENTB,201
CMN30,CMNB12TB,207
CMN30,&RMLBTBL,368
CMN30,&STGLTYP.CPYTB,443
CMN30,&STGLTYP.CPYTB,546
CMN30,&RMLBTBL,552
CMN30,&STGLTYP.DELTB,584
CMN30,&STGLTYP.RENTB,610
CMN30CDT,&STGLTYP.CPYTB,31
CMN30CDT,&STGLTYP.CPYTB,36
CMN30CDT,&STGLTYP.DELTB,51
CMN30CDT,&STGLTYP.DELTB,56
CMN30CDT,&STGLTYP.RENTB,70
CMN30CDT,CMNB12TB,75
CMN30DEL,&STGLTYP.DELTB,13
CMN30I,&RMLBTBL,32
CMN30I,IMSLSLTB,122
CMN30I,IMSLSLTB,151
CMN30I,&STGLTYP.CPYTB,156
CMN30I,&RMLBTBL,185
CMN30I,IMSLSLTB,234
CMN30I,&RMLBTBL,280
CMN30LIB,&STGLTYP.CPYTB,39
CMN30LIB,&STGLTYP.RENTB,52
CMN30LIB,CMNB12TB,57
CMN30LIB,&STGLTYP.CPYTB,197
CMN30LIB,&STGLTYP.DELTB,236
CMN30LIB,&STGLTYP.RENTB,262
CMN30PAN,&STGLTYP.CPYTB,15
CMN30PAN,&STGLTYP.DELTB,61
CMN30PAN,&STGLTYP.RENTB,93
CMN30PDS,&STGLTYP.CPYTB,31
CMN30PDS,&STGLTYP.CPYTB,36
CMN30PDS,&STGLTYP.DELTB,51
CMN30PDS,&STGLTYP.DELTB,56
CMN30PDS,&STGLTYP.RENTB,70
CMN30PDS,CMNB12TB,75
CMN30PDS,&STGLTYP.CPYTB,140
CMN30SRD,&STGLTYP.RENTB,32
CMN30SRD,CMNB12TB,37
CMN30SRD,&STGLTYP.CPYTB,109
CMN31T,&RMLBTBL,10
CMN31T,&STGLTYP.CPYTB,20
CMN31T,&RMLBTBL,29
CMN31T,&STGLTYP.RENTB,39
CMN31TI,&RMLBTBL,10
CMN31TI,&STGLTYP.CPYTB,20
CMN31TI,&STGLTYP.RENTB,35
CMN32,&RMLBTBL,31
CMN32,&STGLTYP.CPYTB,83
CMN32,CMNDB2NN,157
CMN32,&RMLBTBL,178
CMN32,&STGLTYP.CPYTB,181
CMN32,DBRCPYTB,190
CMN32,DBBCPYTB,196
CMN32,CMNDB2SS,282
CMN32,CMNDB2SS,325
CMN32,CMNDB2SS,328
CMN49,CMNLBTBL,18
CMN49,DBBCPYTB,52
CMN49,DBRCPYTB,58
CMN49,&PKGBIND.CPYTB,64
CMN49,CMNLBTBL,90
CMN49,CMNDB2NN,211
CMN49,CMNLBTBL,232
CMN49,&STGLTYP.CPYTB,235
CMN49,DBRCPYTB,246
CMN49,DBBCPYTB,254
CMN50I,&RMLBTBL,45
CMN50I,&STGLTYP.CPYTB,85
CMN50I,&STGLTYP.DELTB,90
CMN50I,&STGLTYP.CPYTB,120
CMN50I,&STGLTYP.DELTB,130
CMN50I,&STGLTYP.CPYTB,152
CMN50I,&STGLTYP.DELTB,157
CMN50I,&STGLTYP.CPYTB,171
CMN50I,&STGLTYP.DELTB,176
CMN50I,&STGLTYP.CPYTB,191
CMN50I,&STGLTYP.DELTB,196
CMN50I,&STGLTYP.CPYTB,210
CMN50I,&STGLTYP.DELTB,215
CMN50I,&STGLTYP.RENTB,232
CMN50I,&STGLTYP.RENTB,247
CMN50I,&STGLTYP.RENTB,257
CMN50I,&RMLBTBL,279
CMN50I,&RMLBTBL,310
CMN50I,&STGLTYP.CPYTB,330
CMN50T,&RMLBTBL,10
CMN50T,&STGLTYP.CPYTB,20
CMN50T,&RMLBTBL,29
CMN50T,&STGLTYP.RENTB,39
CMN50TI,&RMLBTBL,10
CMN50TI,&STGLTYP.CPYTB,20
CMN50TI,&STGLTYP.RENTB,35
CMN55,&RMLBTBL,10
CMN55,&STGLTYP.CPYTB,25
CMN55,&STGLTYP.RENTB,93
CMN55,&STGLTYP.CPYTB,130
CMN55,&STGLTYP.RENTB,145
CMN55,&STGLTYP.CPYTB,160
CMN55,&STGLTYP.RENTB,173
CMN55,&STGLTYP.CPYTB,216
CMN55,&STGLTYP.CPYTB,243
CMN55,&STGLTYP.RENTB,272
CMN55,&RMLBTBL,292
CMN55,CMNB21TB,294
CMN55,&STGLTYP.CPYTB,308
CMN55,&BASLTYP.DELTB,334
CMN55CDT,&STGLTYP.CPYTB,31
CMN55CDT,&STGLTYP.CPYTB,36
CMN55CDT,&STGLTYP.RENTB,50
CMN55CDT,CMNB21TB,55
CMN55I,&RMLBTBL,10
CMN55I,&RMLBTBL,102
CMN55LIB,&STGLTYP.CPYTB,34
CMN55LIB,&STGLTYP.RENTB,47
CMN55LIB,CMNB21TB,52
CMN55LIB,&STGLTYP.CPYTB,164
CMN55LIB,&STGLTYP.RENTB,193
CMN55PAN,&STGLTYP.CPYTB,17
CMN55PAN,&STGLTYP.RENTB,85
CMN55PDS,&STGLTYP.CPYTB,18
CMN55PDS,&STGLTYP.CPYTB,23
CMN55PDS,&STGLTYP.RENTB,37
CMN55PDS,CMNB21TB,62
CMN55PDS,&STGLTYP.CPYTB,75
CMN55PDS,&BASLTYP.DELTB,99
CMN55SRD,&STGLTYP.RENTB,20
CMN55SRD,&STGLTYP.CPYTB,56
CMN56,CMNLBTBL,16
CMN56,DBBCPYTB,60
CMN56,DBBCPYTB,65
CMN56,DBRCPYTB,72
CMN56,&PKGBIND.CPYTB,78
CMN56,&PKGBIND.CPYTB,84
CMN56,CMNLBTBL,120
CMN56,&STGLTYP.CPYTB,142
CMN56,CMNLBTBL,150
CMN56,CMNDB2NN,237
CMN56,&RMLBTBL,258
CMN56,&STGLTYP.CPYTB,261
CMN56,DBRCPYTB,272
CMN56,DBBCPYTB,280
CMN56,CMNDB2SS,376
CMN90,OTHLTTBL,59
CMNDB2DR,CMND2ODR,7
CMNIDPEX,LTYPETBL,26
CMNIDPEX,PRDLIBTB,31
CMNIDPEX,BASLIBTB,36
CMNIDPEX,LTYPETBL,66
CMNIDPEX,PRDLIBTB,71
CMNIDPEX,BASLIBTB,76
CMNIDPEX,BASLIBTB,81
CMNIDPOV,IMSPSBTB,23
CMNIDPOV,IMSDBDTB,35
CMNIDPOV,LTYPETBL,66
CMNIDPOV,PRDLIBTB,71
CMNIDPOV,BASLIBTB,76
CMNIDPOV,LTYPETBL,122
CMNIDPOV,BASLIBTB,127
CMNIDPOV,PRDLIBTB,132
CMNIDPOV,LTYPETBL,169
CMNIDPOV,PRDLIBTB,174
CMNIDPOV,BASLIBTB,179
CMNIMCPY,IMSPRMTB,10
CMNIMCPY,RPMTB&LIBTYPE,13
CMNIMPRM,RPMLIBTB,100
CMNIMPRM,RPMLIBTB,195
CMNIMPRM,IMSPRMTB,261
CMNIMPRM,RPMTB&LIBTYPE,302
CMNIMPRM,IMSPRMTB,331
CMNIMPRM,RPMTB&LIBTYPE,335
CMNIMPRM,RPMLIBTB,356
CMNIMPRM,IMSPRMTB,389
CMNIMPRM,RPMLIBTB,417
CMNIMPRM,RPMLIBTB,490
CMNIMPRM,RPMTB&LIBTYPE,493
CMNIMPRM,CLNHSTTB,502
CMNIMPRM,COMCHKTB,512
CMNIMPRO,RPMTB&LIBTYPE,11
CMNIMPRO,RPMTB&LIBTYPE,32
CMNIMRPM,RPMLIBTB,123
CMNIMRPM,RPMLIBTB,247
CMNIMRPM,RPMLIBTB,269
CMNIMSBL,IMSLSLTB,7
CMNIMSBL,&STGLTYP.CPYTB,11
CMNIMSIM,RPMTB&LIBTYPE,6
CMNIMSPD,IMSLSLTB,10
CMNIMSPD,&STGLTYP.CPYTB,14
CMNIMSPD,IMSLSLTB,67
CMNIMSPD,&STGLTYP.CPYTB,75
CMNIMSPR,RPMTB&LIBTYPE,6
CMNIMSTP,IMSLSLTB,10
CMNIMSTP,&STGLTYP.CPYTB,14
CMNIMSTP,IMSLSLTB,67
CMNIMSTP,&STGLTYP.CPYTB,75
CMNINACB,&STGLTYP.CPYTB,127
CMNINIGN,LTYPETBL,20
CMNINIGN,&STGLTYP.CPYTB,87
CMNINLPM,RPMSTTBL,7
CMNINRPM,RPMSTTBL,6
CMNPDPEX,LTYPETBL,17
CMNPDPEX,BASLIBTB,22
CMNPDPEX,LTYPETBL,50
CMNPDPEX,BASLIBTB,55
CMNPDPEX,BASLIBTB,60
CMNPDPOV,IMSPSBTB,23
CMNPDPOV,IMSDBDTB,35
CMNPDPOV,LTYPETBL,66
CMNPDPOV,BASLIBTB,71
CMNPDPOV,LTYPETBL,115
CMNPDPOV,BASLIBTB,120
CMNPDPOV,LTYPETBL,158
CMNPDPOV,BASLIBTB,163
CMNPLICM,XPOLLTBL,70
CMNPLICM,XPOLLTBL,102
CMNPRDIM,IMSLSLTB,6
CMNPRMIM,IMSPRMTB,6
CMNRDPEX,LTYPETBL,17
CMNRDPEX,PRDLIBTB,22
CMNRDPEX,LTYPETBL,54
CMNRDPEX,PRDLIBTB,59
CMNRDPOV,IMSPSBTB,23
CMNRDPOV,IMSDBDTB,35
CMNRDPOV,LTYPETBL,66
CMNRDPOV,PRDLIBTB,71
CMNRDPOV,LTYPETBL,119
CMNRDPOV,PRDLIBTB,124
CMNRDPOV,LTYPETBL,161
CMNRDPOV,PRDLIBTB,166
CMNRPACB,RPMTBPA0,36
CMNRPICL,RPMLIBTB,23
CMNRPICL,RPMTB&LIBTYPE,65
CMNRPICL,RPMLIBTB,86
CMNRPICL,CLNMODTB,89
CMNRPICL,CLNMODTB,108
CMNRPICL,RPMLIBTB,122
CMNRPICL,RPMTB&LIBTYPE,148
CMNRPICR,RPMLIBTB,36
CMNRPICR,IMSPRMTB,116
CMNRPICR,IMSPRMTB,139
CMNRPICR,RPMTB&LIBTYPE,143
CMNRPICR,IMSPRMTB,194
CMNRPICR,RPMLIBTB,213
CMNRPICR,CLNMODTB,216
CMNRPICR,RPMLIBTB,289
CMNRPICR,RPMLIBTB,412
CMNRPICR,RPMLIBTB,437
CMNRPIGN,RPMTB&LIBTYPE,52
CMNRPIPC,CLNMODTB,13
CMNRPIPC,RPMTB&LIBTYPE,20
CMNRPIPS,IMSPRMTB,10
CMNRPIPS,RPMTB&LIBTYPE,13
CMNRPIRC,RPMTB&LIBTYPE,31
CMNRPIRD,RPMTB&LIBTYPE,12
CMNRPISC,RPMTB&LIBTYPE,6
CMNRPM00,RPMLIBTB,15
CMNRPM20,RPMLIBTB,20
CMNRPM20,RPMLIBTB,28
CMNRPM20,RPMLIBTB,41
CMNRPM20,RPMLIBTB,54
CMNRPM2I,RPMLIBTB,21
CMNRPM2I,RPMLIBTB,39
CMNRPM2I,RPMLIBTB,53
CMNRPM2I,RPMLIBTB,67
CMNRPM30,RPMLIBTB,5
CMNRPM30,RPMLIBTB,19
CMNRPM3I,RPMLIBTB,5
CMNRPM3I,RPMLIBTB,25
CMNRPMB0,RPMLIBTB,32
CMNRPMB0,RPMTB&LIBTYPE,35
CMNRPMB0,CLNHSTTB,44
CMNRPMB0,COMCHKTB,54
CMNRPMCL,RPMLIBTB,21
CMNRPMCL,RPMTB&LIBTYPE,56
CMNRPMCL,RPMLIBTB,71
CMNRPMCL,CLNMODTB,75
CMNRPMCL,CLNMODTB,92
CMNRPMCL,RPMLIBTB,106
CMNRPMCL,RPMTB&LIBTYPE,120
CMNRPMCR,RPMLIBTB,26
CMNRPMCR,IMSPRMTB,39
CMNRPMCR,RPMTB&LIBTYPE,97
CMNRPMCR,RPMTB&LIBTYPE,140
CMNRPMCR,RPMTB&LIBTYPE,183
CMNRPMCR,IMSPRMTB,199
CMNRPMCR,RPMLIBTB,214
CMNRPMCR,CLNMODTB,217
CMNRPMCR,CLNMODTB,234
CMNRPMCR,CLNMODTB,248
CMNRPMCR,CLNMODTB,262
CMNRPMCR,RPMLIBTB,277
CMNRPMCR,RPMTB&LIBTYPE,300
CMNRPMCR,RPMTB&LIBTYPE,317
CMNRPMCR,RPMTB&LIBTYPE,334
CMNRPMCR,RPMLIBTB,395
CMNRPMDL,RPMLIBTB,13
CMNRPMDR,RPMLIBTB,22
CMNRPMDR,RPMLIBTB,42
CMNRPMIM,IMSPRMTB,6
CMNZ010A,OFMTABLE,9
CMNZ010P,OFMTABLE,13
CMNZ030P,OFMTABLE,12
CMNZ100P,OFMTABLE,12
CMNZ120P,OFMTABLE,12
CMNZ130P,OFMTABLE,12
CMNZ140P,OFMTABLE,12
CMNZ160P,OFMTABLE,12
CMNZ170P,OFMTABLE,12
COMPSTG,$COMPSTG,1
NEW$$SYC,LTYPETBL,32
NEW$$SYC,APSLIBTB,41
NEW$$SYC,XPOLLBTB,55
NEW$$SYC,BASLIBTB,69
OBJXPLIB,XPOLLTBP,28
OBJXPLIB,XPOLLTBP,63
S8PD2BND,CMNDB2NN,14
SCMPDSST,CMPCPYTB,13
SCMPDSST,LIBTYPTB,28
SK8EPBND,$P2,53
SK8EPCTM,CTMICND,39
SK8EPCTM,CTMOCND,42
SK8EPRLS,$BR,46
SK8EPRLS,$PT,153
SK8EPRLS,$PT,159
SK8EPRLS,&$PTPRIOR,208
SK8EPRLS,$PT,217
SK8EPRLS,&$PTPRIOR,233
SKBNEWCI,&RMLBTBL,1
SKBNEWCI,&STGLTYP.CPYTB,8
SKECDCPY,RPMLIBTB,56
SKED2BCT,CMNDB2NN,13
SKED2BCT,RPMTB&$DBRLLT,19
SKED2BDP,RPMLIBTB,42
SKED2BND,CMNDB2SS,7
SKED2JSK,RPMLIBTB,18
SKEDBB,CMNDB2NN,6
SKEDBB,RPMTBDBB,45
SKEDBB,RPMLIBTB,66
SKEPTAAC,MEMBLIST,26
SKEPTAMF,MEMBLIST,24
SKEPTAPS,MEMBLIST,20
SKI21BND,CMNDB2SS,8
SKI21DBB,CMNDB2NN,6
SKI21DBB,&RMLBTBL,37
SKI21DBB,DBBCPYTB,58
SKI21JSK,LJSCPYTB,21
SKI32BND,CMNDB2SS,1
SKI32DBB,CMNDB2NN,13
SKI32DBB,DBBCPYTB,53
SKI32JSK,&RMLBTBL,21
SKI32JSK,&STGLTYP.CPYTB,24
SKICDCPY,RPMSTTBL,81
SKICDCPY,&RMLBTBL,111
SKID2BCT,CMNDB2NN,5
SKID2BCT,&$DBRLLT.CPYTB,8
SKINEWCI,&RMLBTBL,1
SKINEWCI,&STGLTYP.CPYTB,8
SKM$$IDL,RPMTBIDL,24
SKM$$IDL,IDLCPYTB,66
SKM$$IDL,RPMTBIDL,141
SKM$$IDL,RPMTBIDG,144
SKMIDLGW,RPMTBIDG,114
SKMIDLGW,IDGCPYTB,124
SKMIDLGW,RPMTBIDL,135
SKMIDLGW,IDLCPYTB,176
SKMIDLGW,IDGCPYTB,229
SKMIDLGW,RPMTBIDG,244
SKMIDLGW,&STGLTYP.CPYTB,275
SKMIDLGW,RPMTBIDG,287
SKMIDLIR,&STGLTYP.CPYTB,113
SKMIDLIR,RPMTBIDL,128
SKMIDLIR,&STGLTYP.CPYTB,157
SKMIDLIR,RPMTBIDL,168
SKMIDLIR,&STGLTYP.CPYTB,194
SKMIDLIR,RPMTBIDL,206
SKMQMSBS,RPMTBFSP,60
SKMQMSBS,RPMTBQMS,106
SKMQMSSS,RPMLIBTB,16
SKPD2BCT,RPMTB&$DBRLLT,8
SKPD2BCT,RPMTB&$DBRLLT,55
SKPD2BDP,RPMLIBTB,36
SKPD2BDP,RPMLIBTB,44
SKPD2BDP,BASLIBTB,60
SKPD2BND,CMNDB2NN,16
SKPD2JSK,RPMLIBTB,14
SKPDBB,RPMTBDBB,20
SKPITEST,RPMLIBTB,28
SKPITEST,RPMTB&LIBTYPE,29
SKPLKORB,PDSTGTBL,78
SKPNEWCI,RPMLIBTB,6
SKPNEWCP,RPMLIBTB,18
SKRCMH,RPCMPLS,25
SKS$$050,&RMLBTBL,6
SKS$$050,&STGLTYP.CPYTB,22
SKS$$050,&STGLTYP.DELTB,27
SKS$$050,&STGLTYP.CPYTB,49
SKS$$050,&STGLTYP.DELTB,54
SKS$$050,&RMLBTBL,67
SKS$$050,&STGLTYP.RENTB,77
SKS$$050,&RMLBTBL,90
SKS$$T20,&RMLBTBL,21
SKS$$T20,IMSLSLTB,25
SKS$$T20,&RMLBTBL,84
SKS$$T20,&STGLTYP.DELTB,94
SKS$$T20,&RMLBTBL,103
SKS$$T20,&STGLTYP.RENTB,113
SKS$$T20,IMSLSLTB,122
SKS$BSCI,&RMLBTBL,49
SKS$BSCI,&STGLTYP.DELTB,79
SKS$BSCI,&STGLTYP.RENTB,90
SKS$BSCI,&STGLTYP.CPYTB,101
SKS$BSCI,SALTABLE,106
SKS$EOPT,&RMLBTBL,42
SKS$EOPT,&STGLTYP.DELTB,54
SKS$EOPT,&STGLTYP.RENTB,63
SKS$EOPT,&STGLTYP.CPYTB,72
SKS$PSYL,APSLIBTB,24
SKSBAUDT,LTYPETBL,28
SKSBAUDT,LTYPETBL,41
SKSBINDR,XPOLLTBL,56
SKSBINDR,XPOLLTBL,117
SKSCMPAR,BASLIBTB,10
SKSIDL,LTYPETBL,335
SKSIDL,LTYPETBL,368
SKSIDL,LTYPETBL,400
SKSPAP01,LTYPETBL,8
SKSPAP01,LTYPETBL,15
SKSPAP01,RPMLIBTB,23
SKSPAP01,BASLIBTB,30
SKSPLAUS,LTYPETBL,38
SKSPLAUS,BASLIBTB,49
SKSPLAUS,LTYPETBL,62
SKSPLAUS,BASLIBTB,71
SKSPLAUS,LTYPETBL,87
SKSPLAUS,RPMLIBTB,94
SKSPLAUS,BASLIBTB,106
SKSPLAUS,LTYPETBL,121
SKSPLAUS,RPMLIBTB,128
SKSPLAUS,BASLIBTB,140
SKSSACB,IMSLSLTB,24
SKUCMPAL,COMPRTBL,19
